{"type": "FeatureCollection", "name": "gha_admin0", "bbox": [-3.262085, 4.7407227, 1.2003174, 11.1746826], "features": [{"type": "Feature", "geometry": {"type": "Polygon", "coordinates": [[[-0.2258911, 11.1633301], [-0.2391968, 11.1665039], [-0.2512817, 11.1694946], [-0.2763062, 11.1746826], [-0.2791748, 11.1727295], [-0.2819824, 11.1696777], [-0.2836914, 11.166687], [-0.2844238, 11.1630859], [-0.2844849, 11.1585083], [-0.2846069, 11.1541138], [-0.2880249, 11.1516724], [-0.2893066, 11.1491089], [-0.2883911, 11.1461182], [-0.2861938, 11.144104], [-0.2838135, 11.1425171], [-0.2802124, 11.1411133], [-0.2766113, 11.1398926], [-0.2728882, 11.1386719], [-0.2716064, 11.1347046], [-0.2706909, 11.1320801], [-0.2703857, 11.1289063], [-0.2717896, 11.1260986], [-0.2736816, 11.1234741], [-0.2783203, 11.1231079], [-0.2816772, 11.1218872], [-0.2858887, 11.1212769], [-0.2957764, 11.1187134], [-0.2999268, 11.1190796], [-0.3040771, 11.1188965], [-0.309082, 11.1159058], [-0.3214111, 11.1149292], [-0.3294067, 11.1096802], [-0.3339233, 11.1082764], [-0.336792, 11.1063232], [-0.3355103, 11.1005249], [-0.3364868, 11.0966797], [-0.3372803, 11.0927124], [-0.3395996, 11.0883179], [-0.3419189, 11.0858765], [-0.3463135, 11.0844727], [-0.3493042, 11.0844727], [-0.3532104, 11.0842896], [-0.3543091, 11.0814819], [-0.354187, 11.0776978], [-0.3557129, 11.0718994], [-0.3598022, 11.0701294], [-0.3607788, 11.0737305], [-0.3604126, 11.0775146], [-0.3638916, 11.079895], [-0.366394, 11.0814819], [-0.3682861, 11.0836792], [-0.3704224, 11.0864868], [-0.3718262, 11.0900879], [-0.3718262, 11.0944824], [-0.371582, 11.0994873], [-0.3746948, 11.1035156], [-0.3756104, 11.1077271], [-0.3748779, 11.1109009], [-0.375, 11.114502], [-0.3745117, 11.1193237], [-0.3734131, 11.1229248], [-0.3776245, 11.1226807], [-0.3817139, 11.1251221], [-0.3848877, 11.1265259], [-0.3875122, 11.1251221], [-0.3914795, 11.1251221], [-0.3969116, 11.1259155], [-0.4025269, 11.1262817], [-0.4058838, 11.1229248], [-0.4102783, 11.1207275], [-0.4160767, 11.1195068], [-0.4202881, 11.1159058], [-0.4232178, 11.1140747], [-0.4268188, 11.1143188], [-0.4299927, 11.1085205], [-0.4315796, 11.1021118], [-0.430603, 11.0957031], [-0.4315796, 11.0908813], [-0.4318848, 11.0869141], [-0.4326172, 11.0834961], [-0.4332886, 11.0803223], [-0.434021, 11.0772705], [-0.4382935, 11.0681152], [-0.4398193, 11.0651245], [-0.4382935, 11.0596924], [-0.4373779, 11.0567017], [-0.4362793, 11.0526733], [-0.4367065, 11.0463257], [-0.4384155, 11.0441284], [-0.434082, 11.0379028], [-0.4356079, 11.0341187], [-0.4382935, 11.0302734], [-0.4415283, 11.0302734], [-0.4450073, 11.0300903], [-0.4500122, 11.0302734], [-0.4544067, 11.0297241], [-0.4603271, 11.0285034], [-0.4639893, 11.0305176], [-0.4666138, 11.0316772], [-0.468811, 11.0335083], [-0.4719238, 11.0341187], [-0.4747925, 11.0352783], [-0.4772949, 11.0330811], [-0.479187, 11.0308838], [-0.4805908, 11.0264893], [-0.4810791, 11.0227051], [-0.4854126, 11.0214844], [-0.4899292, 11.0213013], [-0.4946289, 11.0203247], [-0.4970093, 11.0183105], [-0.4998779, 11.0178833], [-0.5020752, 11.0161133], [-0.5010986, 11.0126953], [-0.501709, 11.0073242], [-0.5015259, 11.0029297], [-0.5045166, 10.9995117], [-0.508606, 10.9946899], [-0.5106201, 10.9924927], [-0.5126953, 10.9902954], [-0.5170898, 10.9915161], [-0.5228882, 10.9924927], [-0.5250244, 10.9957275], [-0.5263062, 10.9987183], [-0.5302124, 10.9995117], [-0.5333862, 10.9974976], [-0.5358276, 10.9938965], [-0.5374756, 10.9902954], [-0.5404053, 10.9874878], [-0.5432129, 10.9849243], [-0.5438232, 10.9815063], [-0.5443115, 10.9765015], [-0.5479126, 10.9777222], [-0.5512085, 10.9796753], [-0.5507812, 10.9830933], [-0.5513916, 10.9873047], [-0.5540771, 10.9904785], [-0.5587158, 10.9896851], [-0.5614014, 10.9910889], [-0.5645142, 10.9926758], [-0.5681152, 10.9909058], [-0.571106, 10.9863281], [-0.5728149, 10.9832764], [-0.5739746, 10.9794922], [-0.5755005, 10.9763184], [-0.5778809, 10.9741211], [-0.5794067, 10.9716797], [-0.5797119, 10.968689], [-0.5812988, 10.9641113], [-0.5853271, 10.961731], [-0.5861206, 10.958313], [-0.5864868, 10.9528809], [-0.5874023, 10.947876], [-0.5866089, 10.9437256], [-0.5880127, 10.9384766], [-0.5913086, 10.9353027], [-0.5930176, 10.9317017], [-0.5936279, 10.9285278], [-0.5932007, 10.9246826], [-0.5968018, 10.9223022], [-0.6018066, 10.9199219], [-0.6055298, 10.9168701], [-0.609375, 10.9151001], [-0.6129761, 10.9127197], [-0.6162109, 10.9122925], [-0.6184082, 10.9099121], [-0.6196289, 10.9135132], [-0.6196289, 10.9180908], [-0.6220093, 10.9221191], [-0.6228027, 10.9266968], [-0.6237183, 10.9296875], [-0.6240234, 10.9331055], [-0.6245117, 10.9360962], [-0.626709, 10.9395142], [-0.6298218, 10.9415283], [-0.6326904, 10.9412842], [-0.6361084, 10.9423218], [-0.638916, 10.9440918], [-0.6419067, 10.9464722], [-0.6481934, 10.9506836], [-0.6455078, 10.9536743], [-0.6463013, 10.9567261], [-0.6491089, 10.9586792], [-0.6514893, 10.9608765], [-0.6530151, 10.963501], [-0.6564941, 10.9628906], [-0.6594238, 10.9584961], [-0.6630249, 10.9564819], [-0.6668091, 10.9575195], [-0.6707764, 10.9586792], [-0.6712036, 10.9619141], [-0.6696167, 10.9650879], [-0.6677246, 10.9685059], [-0.6658936, 10.9713135], [-0.6636963, 10.9744873], [-0.6607056, 10.9755249], [-0.6577759, 10.9749146], [-0.6547852, 10.9777222], [-0.6525269, 10.9824829], [-0.6536865, 10.9871216], [-0.6599121, 10.9888916], [-0.664978, 10.9885254], [-0.668396, 10.9888916], [-0.6721191, 10.9896851], [-0.675415, 10.9852905], [-0.6776123, 10.9829102], [-0.6815796, 10.9835205], [-0.6851196, 10.9852905], [-0.6862793, 10.989502], [-0.6859131, 10.9940796], [-0.6846924, 10.9974976], [-0.6890869, 10.9984741], [-0.6939087, 10.9984741], [-0.6973267, 10.998291], [-0.7026978, 10.998291], [-0.7072144, 10.9981079], [-0.7105103, 10.9981079], [-0.7149048, 10.9981079], [-0.7202148, 10.9979248], [-0.7243042, 10.9976807], [-0.7318115, 10.9976807], [-0.7349243, 10.9974976], [-0.7407227, 10.9973145], [-0.7459106, 10.9973145], [-0.7501221, 10.9973145], [-0.7542114, 10.9974976], [-0.7581177, 10.9973145], [-0.7623901, 10.9973145], [-0.7658081, 10.9974976], [-0.7763062, 10.9976807], [-0.77948, 10.9976807], [-0.7871094, 10.9976807], [-0.7927246, 10.9979248], [-0.7971802, 10.9979248], [-0.8009033, 10.9979248], [-0.8062134, 10.9987183], [-0.8076172, 11.0045166], [-0.8110962, 11.0061035], [-0.8154297, 11.0061035], [-0.8192749, 11.0065308], [-0.8236084, 11.0065308], [-0.8272095, 11.0065308], [-0.8276978, 11.0032959], [-0.8283081, 10.9990845], [-0.8314209, 10.9984741], [-0.836792, 10.9984741], [-0.8442993, 10.9984741], [-0.8486938, 10.9984741], [-0.8535767, 10.9984741], [-0.8588867, 10.9915161], [-0.8607788, 10.9882813], [-0.8626099, 10.9849243], [-0.8649292, 10.9802856], [-0.8662109, 10.9769287], [-0.868103, 10.9730835], [-0.8707275, 10.9666748], [-0.876709, 10.9656982], [-0.8823242, 10.9649048], [-0.8864136, 10.9641113], [-0.890625, 10.9641113], [-0.8887939, 10.9677124], [-0.8881226, 10.9708862], [-0.8884888, 10.9760742], [-0.8892822, 10.9807129], [-0.8986206, 10.9816895], [-0.9111938, 10.9801025], [-0.916626, 10.9802856], [-0.916626, 10.9859009], [-0.916626, 10.9910889], [-0.9165039, 10.9943237], [-0.9163818, 10.9993286], [-0.9165039, 11.0023193], [-0.9213867, 11.0023193], [-0.925293, 11.0023193], [-0.9293823, 11.0025024], [-0.9351807, 11.0025024], [-0.9390869, 11.0025024], [-0.9434814, 11.0025024], [-0.9470215, 11.0025024], [-0.9520874, 11.0025024], [-0.9570923, 11.0018921], [-0.9614258, 11.0012817], [-0.9678955, 10.9998779], [-0.9727173, 10.9989014], [-0.9769287, 10.9984741], [-0.9815063, 10.998291], [-0.9871826, 10.998291], [-0.9924927, 10.9981079], [-1.0001221, 10.9979248], [-1.0001831, 11.0032959], [-1.0003052, 11.0078735], [-1.006897, 11.0081177], [-1.0158081, 11.0078735], [-1.0354004, 11.0065308], [-1.050415, 11.0053101], [-1.0548096, 11.005127], [-1.0639038, 11.005127], [-1.0718994, 11.005127], [-1.0802002, 11.0048828], [-1.083313, 11.0048828], [-1.0864258, 11.0046997], [-1.09021, 11.0045166], [-1.1148071, 11.0039062], [-1.114624, 10.9859009], [-1.1190796, 10.9859009], [-1.1351929, 10.9868774], [-1.1386108, 10.9871216], [-1.1469116, 10.9874878], [-1.1538086, 10.9873047], [-1.1577759, 10.9887085], [-1.1671143, 10.9888916], [-1.1757202, 10.9890747], [-1.1809082, 10.9876709], [-1.1838989, 10.9893188], [-1.1881104, 10.9893188], [-1.2058105, 10.9896851], [-1.2504883, 10.9902954], [-1.2567139, 10.9902954], [-1.2648926, 10.9902954], [-1.2769775, 10.9910889], [-1.3013916, 10.9902954], [-1.3057861, 10.9901123], [-1.3145142, 10.989502], [-1.3209839, 10.9896851], [-1.3278198, 10.9893188], [-1.3375244, 10.9885254], [-1.3543091, 10.9888916], [-1.371521, 10.9882813], [-1.3746948, 10.9873047], [-1.3778076, 10.9865112], [-1.3804932, 10.9873047], [-1.3843994, 10.9888916], [-1.3884888, 10.989502], [-1.3925171, 10.9896851], [-1.3963013, 10.9909058], [-1.3994141, 10.9938965], [-1.40271, 10.9970703], [-1.4052124, 10.9993286], [-1.4078979, 11.001709], [-1.4107056, 11.005127], [-1.4227905, 11.0203247], [-1.4227905, 11.0167236], [-1.4255981, 11.0145264], [-1.4285278, 11.0125122], [-1.5441284, 11.0103149], [-1.5457764, 11.0402832], [-1.7445068, 11.0380859], [-1.7434082, 11.0081177], [-1.8563232, 11.0061035], [-2.0062866, 11.0040894], [-2.0352173, 11.0112915], [-2.0579834, 11.0175171], [-2.0828247, 11.0147095], [-2.1184082, 11.0142822], [-2.1719971, 11.0186768], [-2.1865845, 11.0192871], [-2.2202148, 11.0206909], [-2.2501831, 11.0181274], [-2.2723999, 11.0169067], [-2.3001099, 11.0111084], [-2.3153076, 11.0103149], [-2.336792, 11.008728], [-2.3505249, 11.0083008], [-2.3602295, 11.0081177], [-2.3776245, 11.0089111], [-2.4104004, 11.0164795], [-2.4522095, 11.0233154], [-2.4976807, 11.0183105], [-2.5377197, 11.0183105], [-2.5554199, 11.0181274], [-2.5828857, 11.0217285], [-2.6188965, 11.0205078], [-2.6229248, 11.0194702], [-2.626709, 11.0192871], [-2.6325073, 11.0192871], [-2.6373901, 11.0192871], [-2.6530762, 11.0192871], [-2.6802979, 11.0192871], [-2.6838989, 11.0194702], [-2.7244873, 11.0194702], [-2.739624, 11.0194702], [-2.7509766, 11.0192871], [-2.7550049, 11.0192871], [-2.7584839, 11.0189209], [-2.7623901, 11.0169067], [-2.7645264, 11.0148926], [-2.7675781, 11.0125122], [-2.7687988, 11.0084839], [-2.7678833, 11.0042725], [-2.7717896, 11.0046997], [-2.7775269, 11.0045166], [-2.7819214, 11.0045166], [-2.7868042, 11.0042725], [-2.8059082, 11.0039062], [-2.8118286, 11.0037231], [-2.8167114, 11.0037231], [-2.8270874, 11.0040894], [-2.8306885, 11.0040894], [-2.8339844, 11.0040894], [-2.8344116, 10.9996948], [-2.8352051, 10.9938965], [-2.8358154, 10.9901123], [-2.8366089, 10.9868774], [-2.8372192, 10.9837036], [-2.8378906, 10.9801025], [-2.8391113, 10.9765015], [-2.8403931, 10.97229], [-2.8405762, 10.9685059], [-2.8394775, 10.9642944], [-2.8377075, 10.9605103], [-2.8338013, 10.9569092], [-2.8297119, 10.9545288], [-2.8272095, 10.9520874], [-2.8250122, 10.9498901], [-2.8225098, 10.9473267], [-2.8203125, 10.9434814], [-2.8182983, 10.9395142], [-2.8178101, 10.9362793], [-2.8175049, 10.9334717], [-2.8170166, 10.930481], [-2.8170166, 10.9266968], [-2.8178101, 10.9227295], [-2.8195801, 10.9193115], [-2.8220215, 10.9163208], [-2.8239136, 10.9135132], [-2.8262939, 10.9100952], [-2.8283081, 10.9077148], [-2.8305054, 10.9035034], [-2.833313, 10.8983154], [-2.8353882, 10.8955078], [-2.8386841, 10.8925171], [-2.8449097, 10.8914795], [-2.850708, 10.8909302], [-2.8551025, 10.8912964], [-2.8599854, 10.8903198], [-2.8635864, 10.8875122], [-2.8651123, 10.8847046], [-2.8657837, 10.8817139], [-2.8662109, 10.8782959], [-2.8660889, 10.8724976], [-2.8640747, 10.8685303], [-2.8634033, 10.8646851], [-2.8634033, 10.8604736], [-2.8637085, 10.8574829], [-2.8649902, 10.854126], [-2.8662109, 10.8510742], [-2.8685913, 10.8471069], [-2.8709106, 10.8444824], [-2.8729858, 10.8421021], [-2.8754272, 10.8386841], [-2.8775024, 10.8353271], [-2.8787231, 10.8327026], [-2.8798828, 10.8286743], [-2.8796997, 10.8255005], [-2.8800049, 10.821106], [-2.8796997, 10.8148804], [-2.8798218, 10.8109131], [-2.8804932, 10.8062744], [-2.8826294, 10.8004761], [-2.8848877, 10.7958984], [-2.887207, 10.7908936], [-2.8889771, 10.7871094], [-2.8911133, 10.7822876], [-2.8920288, 10.7770996], [-2.8942871, 10.7719116], [-2.8944092, 10.7667236], [-2.8939209, 10.7631226], [-2.8978271, 10.7617188], [-2.8994141, 10.7581177], [-2.9024048, 10.7548828], [-2.9061279, 10.7498779], [-2.9088745, 10.7470703], [-2.9111938, 10.7445068], [-2.9135132, 10.7418823], [-2.9163818, 10.7388916], [-2.918396, 10.7366943], [-2.9240112, 10.7321167], [-2.9268799, 10.7302856], [-2.9301147, 10.7282715], [-2.9329834, 10.7260742], [-2.9370117, 10.7233276], [-2.9385986, 10.718689], [-2.9396973, 10.713501], [-2.9393921, 10.7091064], [-2.9359131, 10.7078857], [-2.9326782, 10.7058716], [-2.9290771, 10.7045288], [-2.9249268, 10.7042847], [-2.9215088, 10.7036743], [-2.9182129, 10.7028809], [-2.9144287, 10.7014771], [-2.9104004, 10.6995239], [-2.9085083, 10.6954956], [-2.9069824, 10.692688], [-2.9058838, 10.6901245], [-2.9055786, 10.6862793], [-2.9075928, 10.6815186], [-2.9099121, 10.6781006], [-2.9108887, 10.675293], [-2.9105835, 10.6723022], [-2.9119263, 10.6694946], [-2.9138794, 10.6665039], [-2.9155884, 10.6638794], [-2.9185181, 10.6613159], [-2.9221191, 10.6588745], [-2.9257812, 10.6557007], [-2.9299927, 10.6530762], [-2.9321289, 10.6505127], [-2.9338989, 10.6477051], [-2.935791, 10.6453247], [-2.9381104, 10.6412964], [-2.9401855, 10.6373291], [-2.940979, 10.6328735], [-2.9407959, 10.6287231], [-2.9396973, 10.6251221], [-2.9400024, 10.6209106], [-2.940979, 10.6171265], [-2.9403076, 10.6132812], [-2.9379883, 10.6109009], [-2.9349976, 10.6088867], [-2.9334106, 10.6049194], [-2.9318237, 10.6022949], [-2.9285889, 10.6002808], [-2.9255981, 10.5974731], [-2.9232788, 10.5927124], [-2.9224854, 10.5880737], [-2.9193115, 10.5831299], [-2.9169922, 10.5791016], [-2.9157104, 10.5764771], [-2.9143066, 10.5739136], [-2.9130249, 10.5703125], [-2.9118042, 10.5656738], [-2.9096069, 10.5617065], [-2.9072876, 10.5593262], [-2.9050293, 10.5565186], [-2.9033813, 10.5540771], [-2.9016113, 10.5509033], [-2.9005127, 10.5479126], [-2.8989868, 10.5443115], [-2.8980103, 10.5405273], [-2.8981934, 10.5374756], [-2.8991089, 10.5336914], [-2.9003906, 10.5297241], [-2.8997192, 10.5258789], [-2.8984985, 10.5219116], [-2.8967285, 10.5181274], [-2.8953247, 10.5150757], [-2.8917847, 10.512085], [-2.8895874, 10.5083008], [-2.8881836, 10.5056763], [-2.8856812, 10.5040894], [-2.8826904, 10.5026855], [-2.8798828, 10.5004883], [-2.8782959, 10.4974976], [-2.876709, 10.4946899], [-2.875, 10.4918823], [-2.8737183, 10.4882813], [-2.8729858, 10.4854736], [-2.8713989, 10.4816895], [-2.8712769, 10.4777222], [-2.8717041, 10.4746704], [-2.8707886, 10.4713135], [-2.869812, 10.4680786], [-2.8682861, 10.4636841], [-2.8657227, 10.4591064], [-2.8621216, 10.4556885], [-2.859375, 10.4539185], [-2.855896, 10.4517212], [-2.8530273, 10.4519043], [-2.8538208, 10.4481201], [-2.8499146, 10.4464722], [-2.8457031, 10.444519], [-2.8413086, 10.4425049], [-2.8372192, 10.4396973], [-2.8330078, 10.4370728], [-2.828186, 10.4359131], [-2.8236084, 10.4345093], [-2.8198853, 10.4337158], [-2.8170776, 10.4332886], [-2.8134155, 10.4326782], [-2.8098145, 10.4317017], [-2.8070068, 10.4307251], [-2.8041992, 10.4301147], [-2.8001099, 10.4295044], [-2.7957764, 10.4282837], [-2.7921143, 10.4268799], [-2.7871094, 10.4265137], [-2.7828979, 10.4260864], [-2.7794189, 10.4259033], [-2.7753906, 10.425293], [-2.7733765, 10.4229126], [-2.7741089, 10.4199219], [-2.7752075, 10.4165039], [-2.7756958, 10.4135132], [-2.7783813, 10.4099121], [-2.7824097, 10.4072876], [-2.7868042, 10.4050903], [-2.7907104, 10.4030762], [-2.7952881, 10.401123], [-2.7988892, 10.3984985], [-2.8040771, 10.3978882], [-2.8081055, 10.399292], [-2.8139038, 10.3991089], [-2.8181763, 10.3978882], [-2.8220215, 10.3956909], [-2.8264771, 10.3927002], [-2.8300171, 10.3897095], [-2.8322144, 10.3864746], [-2.8334961, 10.3839111], [-2.8352051, 10.3812866], [-2.8358154, 10.3773193], [-2.8375854, 10.3737183], [-2.8397827, 10.3703003], [-2.8413086, 10.3671265], [-2.8421021, 10.3632813], [-2.8425293, 10.3591309], [-2.8425903, 10.3555298], [-2.8425903, 10.3502808], [-2.8422241, 10.3463135], [-2.8427124, 10.3425293], [-2.8439941, 10.3397217], [-2.8449097, 10.3358765], [-2.8469238, 10.3320923], [-2.848999, 10.3284912], [-2.8499756, 10.3240967], [-2.8500977, 10.3198853], [-2.8493042, 10.3162842], [-2.8469238, 10.3137207], [-2.8442993, 10.31073], [-2.8422241, 10.305481], [-2.8397827, 10.302124], [-2.8361206, 10.2988892], [-2.8331909, 10.2963257], [-2.829895, 10.2949219], [-2.8267212, 10.2932739], [-2.8242798, 10.291687], [-2.8212891, 10.2901001], [-2.8189087, 10.2883301], [-2.815979, 10.2863159], [-2.8134155, 10.2849121], [-2.8095093, 10.2828979], [-2.805481, 10.2807007], [-2.8026123, 10.2791138], [-2.7982788, 10.2770996], [-2.7932129, 10.2749023], [-2.7885132, 10.2736816], [-2.7849121, 10.2730713], [-2.781311, 10.272522], [-2.7706909, 10.2683105], [-2.7670898, 10.2667236], [-2.7640991, 10.2647095], [-2.7615967, 10.2625122], [-2.7597046, 10.2592773], [-2.7565918, 10.2493286], [-2.7561035, 10.244873], [-2.7565918, 10.2399292], [-2.757019, 10.2352905], [-2.7583008, 10.2310791], [-2.7606812, 10.2269287], [-2.7637939, 10.223877], [-2.765686, 10.2216797], [-2.7678223, 10.2197266], [-2.7702026, 10.2178955], [-2.772583, 10.2156982], [-2.7761841, 10.2130737], [-2.7797241, 10.2111206], [-2.7839966, 10.2092896], [-2.7880249, 10.2064819], [-2.7905884, 10.2039185], [-2.7924805, 10.2012939], [-2.7944946, 10.1992798], [-2.7963257, 10.1964722], [-2.7971191, 10.1934814], [-2.7977905, 10.1904907], [-2.7976074, 10.1873169], [-2.7963867, 10.1832886], [-2.7954102, 10.1793213], [-2.7930908, 10.1766968], [-2.7949829, 10.1738892], [-2.7941895, 10.1696777], [-2.7918091, 10.1658936], [-2.7908936, 10.1624756], [-2.7905884, 10.1571045], [-2.7896118, 10.15271], [-2.7893066, 10.1497192], [-2.7891235, 10.1464844], [-2.788208, 10.1433105], [-2.7877808, 10.1392822], [-2.7890015, 10.1356812], [-2.7907104, 10.1325073], [-2.7927246, 10.1295166], [-2.7938843, 10.1246948], [-2.7938232, 10.1196899], [-2.7932129, 10.1151123], [-2.7922974, 10.1104736], [-2.7921143, 10.1063232], [-2.7913208, 10.1035156], [-2.7907104, 10.100708], [-2.7894287, 10.0979004], [-2.7885132, 10.0950928], [-2.7885132, 10.0911255], [-2.7893066, 10.0872803], [-2.789917, 10.0836792], [-2.7907104, 10.0808716], [-2.7907104, 10.0778809], [-2.7904053, 10.0740967], [-2.7907104, 10.0706787], [-2.7897949, 10.0662842], [-2.7888184, 10.0620728], [-2.788208, 10.0584717], [-2.7866211, 10.0552979], [-2.7855225, 10.0523071], [-2.7844238, 10.0488892], [-2.7828979, 10.0454712], [-2.7825928, 10.0424805], [-2.78302, 10.0393066], [-2.7830811, 10.0360718], [-2.7828979, 10.0328979], [-2.7822266, 10.0283203], [-2.7805786, 10.0247192], [-2.7775269, 10.0211182], [-2.7763062, 10.0164795], [-2.7758179, 10.0123291], [-2.7739868, 10.008728], [-2.7719116, 10.0054932], [-2.7703247, 10.0029297], [-2.7677002, 10.0001221], [-2.7647095, 9.9957275], [-2.7615967, 9.9915161], [-2.758728, 9.9888916], [-2.7554932, 9.9866943], [-2.7521973, 9.9841309], [-2.75, 9.9815063], [-2.7492065, 9.9786987], [-2.7484131, 9.9750977], [-2.7476807, 9.97229], [-2.7467041, 9.9691162], [-2.7457275, 9.9661255], [-2.7443848, 9.9625244], [-2.7432861, 9.9594727], [-2.7435913, 9.9561157], [-2.7442017, 9.9528809], [-2.744812, 9.9489136], [-2.748291, 9.9447021], [-2.7523193, 9.9412842], [-2.7540283, 9.9376831], [-2.7564087, 9.9334717], [-2.7600098, 9.9266968], [-2.7612915, 9.921875], [-2.7630005, 9.9171143], [-2.7639771, 9.911499], [-2.7634888, 9.9085083], [-2.7633057, 9.9039307], [-2.7614746, 9.8989258], [-2.7617798, 9.8956909], [-2.7625122, 9.8919067], [-2.7625122, 9.8886719], [-2.7625122, 9.8856812], [-2.7609863, 9.8815308], [-2.7590942, 9.876709], [-2.7579956, 9.8740845], [-2.7564087, 9.8710938], [-2.7548828, 9.8685303], [-2.7529907, 9.8651123], [-2.7515259, 9.8623047], [-2.7495117, 9.8588867], [-2.746521, 9.8536987], [-2.7432251, 9.850708], [-2.7404175, 9.8485107], [-2.7382812, 9.8463135], [-2.7354126, 9.8428955], [-2.7327881, 9.8405151], [-2.7294922, 9.836731], [-2.7277832, 9.8331299], [-2.7269287, 9.8283081], [-2.7282104, 9.8220825], [-2.7302856, 9.8181152], [-2.7332764, 9.8148804], [-2.7369995, 9.8145142], [-2.7404175, 9.8126831], [-2.7440796, 9.8109131], [-2.74823, 9.8084717], [-2.7518921, 9.8067017], [-2.7548218, 9.8037109], [-2.758728, 9.8001099], [-2.7600098, 9.795105], [-2.7612915, 9.7915039], [-2.7630005, 9.7891235], [-2.7659912, 9.7855225], [-2.767395, 9.7814941], [-2.7686157, 9.7772827], [-2.7702026, 9.7739258], [-2.7727051, 9.770874], [-2.7755127, 9.7669067], [-2.7766113, 9.7625122], [-2.7775879, 9.7592773], [-2.7794189, 9.7559204], [-2.7838135, 9.7525024], [-2.7871094, 9.7501221], [-2.7901001, 9.7468872], [-2.7905884, 9.7424927], [-2.7891846, 9.7382813], [-2.7874146, 9.7335205], [-2.7852173, 9.729126], [-2.7835083, 9.725708], [-2.7838745, 9.7211304], [-2.78479, 9.7183228], [-2.7858276, 9.7147217], [-2.7869873, 9.7108765], [-2.7869263, 9.7078857], [-2.7871094, 9.7041016], [-2.7871094, 9.6992798], [-2.7863159, 9.6939087], [-2.7839966, 9.6903076], [-2.7810059, 9.6881104], [-2.77771, 9.6867065], [-2.7747192, 9.6853027], [-2.7709961, 9.684082], [-2.7666016, 9.6832886], [-2.7620239, 9.6829224], [-2.758606, 9.680481], [-2.757019, 9.6760864], [-2.7572021, 9.6716919], [-2.7564087, 9.6685181], [-2.7561035, 9.6651001], [-2.7553101, 9.6610718], [-2.7545166, 9.6569214], [-2.7542114, 9.6530762], [-2.7521973, 9.6497192], [-2.7487183, 9.6461182], [-2.746582, 9.6427002], [-2.7424927, 9.6419067], [-2.7459106, 9.6378784], [-2.7471924, 9.6334839], [-2.7509766, 9.6304932], [-2.7532959, 9.6273193], [-2.7556763, 9.623291], [-2.7589111, 9.6204834], [-2.7611084, 9.6185303], [-2.7631836, 9.6154785], [-2.7626953, 9.6123047], [-2.7639771, 9.6079102], [-2.7667847, 9.6051025], [-2.7692261, 9.6032715], [-2.7714844, 9.5996704], [-2.7717285, 9.5958862], [-2.770813, 9.5928955], [-2.7706909, 9.5892944], [-2.7706909, 9.5856934], [-2.7700806, 9.5806885], [-2.7711182, 9.5764771], [-2.7692261, 9.5709229], [-2.7666016, 9.5662842], [-2.7645874, 9.5634766], [-2.7634277, 9.56073], [-2.762207, 9.5576782], [-2.7598877, 9.5546875], [-2.7564087, 9.5515137], [-2.7539062, 9.5493164], [-2.7495117, 9.5480957], [-2.7468872, 9.5465088], [-2.744812, 9.5443115], [-2.7426758, 9.5421143], [-2.7391968, 9.5385132], [-2.7368774, 9.5358887], [-2.7340088, 9.5324707], [-2.7301025, 9.52948], [-2.7227173, 9.5278931], [-2.7175293, 9.526123], [-2.7130127, 9.5230713], [-2.7080078, 9.515686], [-2.7058105, 9.513916], [-2.7005005, 9.5109253], [-2.6964111, 9.506897], [-2.6937256, 9.5039063], [-2.6917114, 9.5004883], [-2.6901245, 9.4973145], [-2.6884766, 9.4940796], [-2.6868286, 9.4910889], [-2.6845093, 9.4873047], [-2.6842041, 9.4818726], [-2.6843872, 9.4771118], [-2.6845093, 9.473877], [-2.6856079, 9.4707031], [-2.6862793, 9.4678955], [-2.6881104, 9.4619141], [-2.689209, 9.4581299], [-2.6900024, 9.453125], [-2.6901245, 9.4481201], [-2.6895752, 9.4432983], [-2.6887817, 9.4354858], [-2.6885986, 9.4324951], [-2.6875, 9.4274902], [-2.6862183, 9.4240723], [-2.6843262, 9.4202881], [-2.6793823, 9.4135132], [-2.6776123, 9.4085083], [-2.6763916, 9.4035034], [-2.6751099, 9.3969116], [-2.6743164, 9.3917236], [-2.6737061, 9.3884888], [-2.6738892, 9.3833008], [-2.6749268, 9.3776855], [-2.6759033, 9.3737183], [-2.6768188, 9.3704834], [-2.6782837, 9.3665161], [-2.6815796, 9.3609009], [-2.6838989, 9.3585205], [-2.6865845, 9.3563232], [-2.6896973, 9.3546753], [-2.6937256, 9.3521118], [-2.6959229, 9.3493042], [-2.6975098, 9.3461304], [-2.6998901, 9.3435059], [-2.703186, 9.3400879], [-2.7075806, 9.3394775], [-2.7111816, 9.3389282], [-2.7147827, 9.3375244], [-2.7199097, 9.3336792], [-2.7208252, 9.3303223], [-2.7213745, 9.3245239], [-2.72052, 9.3190918], [-2.7211914, 9.3156738], [-2.7207031, 9.3117065], [-2.7180786, 9.3059082], [-2.7177124, 9.3015137], [-2.71521, 9.2963257], [-2.7105103, 9.2913208], [-2.7077026, 9.2886963], [-2.7047119, 9.2871094], [-2.7011108, 9.2857056], [-2.6973877, 9.2855225], [-2.6942139, 9.284729], [-2.689209, 9.2857056], [-2.6859131, 9.2872925], [-2.6835937, 9.2855225], [-2.6812134, 9.2835083], [-2.6776123, 9.2808838], [-2.6740112, 9.2770996], [-2.671814, 9.2747192], [-2.6622925, 9.2628784], [-2.6566162, 9.2556763], [-2.6619263, 9.2401123], [-2.6817017, 9.2307129], [-2.6848145, 9.2296753], [-2.6890259, 9.2279053], [-2.6920776, 9.2263184], [-2.6947021, 9.2235107], [-2.6956177, 9.2199097], [-2.697876, 9.2180786], [-2.7022095, 9.2163086], [-2.7067871, 9.2133179], [-2.713501, 9.2091064], [-2.7158813, 9.2061157], [-2.7183228, 9.2014771], [-2.72052, 9.1967163], [-2.723877, 9.1990967], [-2.723999, 9.1959229], [-2.7216797, 9.1928711], [-2.7224121, 9.1887207], [-2.7232056, 9.1853027], [-2.7252808, 9.1812744], [-2.7271118, 9.1774902], [-2.7286987, 9.1737061], [-2.7302246, 9.170105], [-2.7316284, 9.1672974], [-2.7332153, 9.1641235], [-2.7360229, 9.1607056], [-2.7396851, 9.1574707], [-2.7426758, 9.156311], [-2.7457275, 9.1561279], [-2.7495117, 9.1566772], [-2.7512817, 9.1542969], [-2.7545166, 9.1533203], [-2.760376, 9.1520996], [-2.763916, 9.1508789], [-2.7667236, 9.1494751], [-2.7694092, 9.147522], [-2.7717285, 9.1456909], [-2.7739258, 9.1427002], [-2.7750854, 9.138916], [-2.7739868, 9.1356812], [-2.7730103, 9.1323242], [-2.7717896, 9.1273193], [-2.7694092, 9.1224976], [-2.7683105, 9.1182861], [-2.7695923, 9.1146851], [-2.7675171, 9.1107178], [-2.7670898, 9.1066895], [-2.7667847, 9.1021118], [-2.7658081, 9.0961304], [-2.7655029, 9.090271], [-2.7661133, 9.085083], [-2.7683105, 9.0803223], [-2.7705078, 9.0775146], [-2.7728271, 9.074707], [-2.7755127, 9.0720825], [-2.7778931, 9.0701294], [-2.7800903, 9.0673218], [-2.7822876, 9.0640869], [-2.7828979, 9.0596924], [-2.7817993, 9.0546875], [-2.7799072, 9.0515137], [-2.7775269, 9.0494995], [-2.7753906, 9.0473022], [-2.7738037, 9.0443115], [-2.7738037, 9.0408936], [-2.7731934, 9.0358887], [-2.7719116, 9.0328979], [-2.7686768, 9.0302734], [-2.7644043, 9.02771], [-2.7611084, 9.026123], [-2.7579956, 9.0253296], [-2.753418, 9.026123], [-2.7474976, 9.0266724], [-2.7438965, 9.0264893], [-2.7393799, 9.0263062], [-2.7340088, 9.0264893], [-2.7302856, 9.0270996], [-2.7263184, 9.0269165], [-2.7232056, 9.0258789], [-2.7203979, 9.0253296], [-2.7160034, 9.0250854], [-2.7138062, 9.0227051], [-2.7166138, 9.0200806], [-2.7191772, 9.0178833], [-2.7202759, 9.0134888], [-2.7177124, 9.0150757], [-2.7144165, 9.0177002], [-2.7108765, 9.0189209], [-2.7078857, 9.0194702], [-2.7052002, 9.0206909], [-2.7025757, 9.0177002], [-2.6987915, 9.0159302], [-2.6951904, 9.0184937], [-2.6893921, 9.0178833], [-2.6864014, 9.0183105], [-2.6821289, 9.0192871], [-2.6779785, 9.0198975], [-2.6749268, 9.0200806], [-2.671814, 9.0197144], [-2.6677856, 9.0177002], [-2.6638794, 9.0159302], [-2.6619263, 9.0131226], [-2.6602783, 9.0081177], [-2.6541138, 9.0075073], [-2.6546021, 9.001709], [-2.6552124, 8.9976807], [-2.6558228, 8.9935303], [-2.6569214, 8.9902954], [-2.6577148, 8.9832764], [-2.6564941, 8.9788818], [-2.6555176, 8.9716797], [-2.6544189, 8.9639282], [-2.6533813, 8.9597168], [-2.6528931, 8.9550781], [-2.6520996, 8.9519043], [-2.6516113, 8.9473267], [-2.6502075, 8.942688], [-2.6481934, 8.9396973], [-2.6456909, 8.9368896], [-2.6425781, 8.9346924], [-2.6395874, 8.9337158], [-2.6367187, 8.9329224], [-2.632019, 8.9309082], [-2.6270142, 8.9296875], [-2.6226196, 8.9257202], [-2.6196289, 8.9238892], [-2.6177979, 8.9204712], [-2.6173096, 8.9172974], [-2.6160278, 8.9143066], [-2.6160889, 8.9108887], [-2.6168823, 8.9074707], [-2.6173096, 8.90448], [-2.6193237, 8.8991089], [-2.6201782, 8.8963013], [-2.6207886, 8.8934937], [-2.621521, 8.8903198], [-2.6218262, 8.8859253], [-2.6231079, 8.880127], [-2.6226807, 8.8770752], [-2.621521, 8.8745117], [-2.6193237, 8.8717041], [-2.6168823, 8.8679199], [-2.6148071, 8.864502], [-2.612793, 8.8607178], [-2.6115112, 8.8579102], [-2.6096191, 8.8536987], [-2.6079102, 8.8491211], [-2.6052246, 8.84552], [-2.6004028, 8.8428955], [-2.5996094, 8.838501], [-2.5969849, 8.833313], [-2.5963135, 8.8289185], [-2.5968018, 8.824707], [-2.5985107, 8.8218994], [-2.6010132, 8.8203125], [-2.6043091, 8.8182983], [-2.6077271, 8.8154907], [-2.6116943, 8.8126831], [-2.6154175, 8.8109131], [-2.6192017, 8.809082], [-2.6223145, 8.8065186], [-2.6243286, 8.8040771], [-2.6264038, 8.8007202], [-2.628479, 8.7957153], [-2.6265869, 8.7929077], [-2.6243286, 8.7908936], [-2.6173096, 8.7872925], [-2.6090088, 8.7874756], [-2.604126, 8.7885132], [-2.5958862, 8.7883301], [-2.5905151, 8.7863159], [-2.5894775, 8.7824707], [-2.5872192, 8.7786865], [-2.5859985, 8.7714844], [-2.5809937, 8.741272], [-2.5775757, 8.72052], [-2.5756836, 8.7089233], [-2.5734253, 8.7006836], [-2.5739136, 8.690918], [-2.5670776, 8.659729], [-2.5654297, 8.6419067], [-2.5626221, 8.6289063], [-2.5623779, 8.6218872], [-2.5620117, 8.6149292], [-2.5490112, 8.5422974], [-2.5463867, 8.5286865], [-2.5424805, 8.5155029], [-2.5396118, 8.5004883], [-2.53302, 8.480896], [-2.5244141, 8.4406738], [-2.5175171, 8.4016724], [-2.5161133, 8.3919067], [-2.5164185, 8.3831177], [-2.5126953, 8.3695068], [-2.5043945, 8.3341064], [-2.5014038, 8.3074951], [-2.5006104, 8.2891235], [-2.5001221, 8.2719116], [-2.5, 8.2565308], [-2.4976807, 8.244873], [-2.496582, 8.2241211], [-2.4959106, 8.2130737], [-2.494812, 8.2053223], [-2.4967041, 8.2028809], [-2.5028076, 8.1981201], [-2.5089111, 8.1934814], [-2.5178833, 8.190918], [-2.520813, 8.1890869], [-2.5272827, 8.1854858], [-2.5447998, 8.1757202], [-2.5540771, 8.1464844], [-2.5593262, 8.1453247], [-2.5617065, 8.1470947], [-2.564209, 8.1484985], [-2.5695801, 8.145874], [-2.572876, 8.1456909], [-2.5767212, 8.1453247], [-2.5795898, 8.147522], [-2.5825195, 8.1491089], [-2.5864868, 8.1500854], [-2.5905762, 8.1520996], [-2.5946045, 8.1525269], [-2.5975952, 8.1525269], [-2.6032104, 8.1528931], [-2.6087036, 8.1505127], [-2.6107788, 8.147522], [-2.6121826, 8.1433105], [-2.6149902, 8.1375122], [-2.617981, 8.1345215], [-2.6207275, 8.1315308], [-2.6223145, 8.1279297], [-2.625, 8.1251221], [-2.6273804, 8.1196899], [-2.6290283, 8.1168823], [-2.630188, 8.112915], [-2.6306152, 8.109314], [-2.6326904, 8.1008911], [-2.6340942, 8.0913086], [-2.6343994, 8.0817261], [-2.6359253, 8.0673218], [-2.6350098, 8.0626831], [-2.6337891, 8.0584717], [-2.6323853, 8.0543213], [-2.6356201, 8.0540771], [-2.65271, 8.0422974], [-2.6619873, 8.0421143], [-2.6920776, 8.0297241], [-2.6956177, 8.0297241], [-2.7127075, 8.0172729], [-2.7376099, 8.0075073], [-2.7515869, 8.0018921], [-2.7570801, 8.0003052], [-2.7713013, 7.9973145], [-2.7819824, 7.9915161], [-2.7927856, 7.9835205], [-2.8037109, 7.9724731], [-2.8085937, 7.9656982], [-2.8099976, 7.9594727], [-2.8098755, 7.9484863], [-2.8103027, 7.9384766], [-2.8187256, 7.9187012], [-2.8220825, 7.9124756], [-2.8214111, 7.9066772], [-2.8217163, 7.8948975], [-2.8239746, 7.8828735], [-2.8251953, 7.8682861], [-2.8317261, 7.8469238], [-2.8292847, 7.8428955], [-2.8283081, 7.8317261], [-2.8267822, 7.8270874], [-2.8258057, 7.8239136], [-2.8289795, 7.8212891], [-2.8261108, 7.8057251], [-2.8352051, 7.7937012], [-2.8485107, 7.7802734], [-2.8505859, 7.7619019], [-2.8693237, 7.7322998], [-2.8734131, 7.718689], [-2.8834229, 7.6984863], [-2.8864136, 7.6901245], [-2.8886108, 7.6837158], [-2.8917236, 7.677124], [-2.9006958, 7.6572876], [-2.9235229, 7.6087036], [-2.9282227, 7.5567017], [-2.9315186, 7.5214844], [-2.9338989, 7.4953003], [-2.9346924, 7.4865112], [-2.9362183, 7.4794922], [-2.9415894, 7.4714966], [-2.9428101, 7.4678955], [-2.9473267, 7.4564819], [-2.9473267, 7.4509277], [-2.9470825, 7.4470825], [-2.9478149, 7.4404907], [-2.9483032, 7.4354858], [-2.9484253, 7.4301147], [-2.960022, 7.3753052], [-2.9631958, 7.3609009], [-2.9644775, 7.3552856], [-2.9661255, 7.3485107], [-2.9680176, 7.340271], [-2.9692993, 7.3344727], [-2.9782104, 7.2720947], [-2.9597168, 7.2509155], [-2.9555054, 7.2423096], [-2.9533081, 7.2393188], [-2.9594116, 7.2286987], [-2.9827271, 7.1947021], [-3.0001221, 7.1721191], [-3.0238037, 7.1414795], [-3.0244751, 7.1367188], [-3.0270996, 7.1149292], [-3.0275879, 7.1109009], [-3.0291138, 7.0966797], [-3.0321045, 7.0717163], [-3.0477905, 7.0692749], [-3.0584106, 7.0656738], [-3.0748901, 7.0629272], [-3.0828857, 7.0545044], [-3.1068115, 7.0170898], [-3.1090088, 7.0133057], [-3.1165771, 7.0059204], [-3.1287842, 6.9841309], [-3.1323242, 6.9779053], [-3.1339111, 6.9749146], [-3.1420898, 6.963501], [-3.1434937, 6.9567261], [-3.1553955, 6.9404907], [-3.2271118, 6.8242798], [-3.2312012, 6.8212891], [-3.2304077, 6.8156738], [-3.2304077, 6.8074951], [-3.2305298, 6.8029175], [-3.2316895, 6.7979126], [-3.2324219, 6.7935181], [-3.2322998, 6.7893066], [-3.2327271, 6.7863159], [-3.2318115, 6.7822876], [-3.2313232, 6.7766724], [-3.2288208, 6.7727051], [-3.2265015, 6.7678833], [-3.2235107, 6.765686], [-3.2180786, 6.7614746], [-3.2155151, 6.7600708], [-3.2125244, 6.7553101], [-3.2158203, 6.7509155], [-3.21698, 6.7474976], [-3.2147217, 6.7443237], [-3.213623, 6.7402954], [-3.2098999, 6.7352905], [-3.2089844, 6.7316895], [-3.2108154, 6.7282715], [-3.213623, 6.7244873], [-3.2156982, 6.7213135], [-3.2164917, 6.7178955], [-3.2166138, 6.7142944], [-3.2199097, 6.7105103], [-3.2216797, 6.7072754], [-3.2235107, 6.7050781], [-3.2271118, 6.7039185], [-3.2301025, 6.7026978], [-3.2310791, 6.7000732], [-3.230896, 6.6954956], [-3.2286987, 6.6920776], [-3.2310791, 6.6860962], [-3.2318115, 6.680481], [-3.2362061, 6.6765137], [-3.2354126, 6.6687012], [-3.2423096, 6.6660767], [-3.2456055, 6.6621094], [-3.2476807, 6.6588745], [-3.25, 6.6547241], [-3.251709, 6.6505127], [-3.2548218, 6.6450806], [-3.2567139, 6.6428833], [-3.2562866, 6.6390991], [-3.2570801, 6.633728], [-3.2589111, 6.6311035], [-3.2597046, 6.6276855], [-3.260376, 6.6240845], [-3.262085, 6.6176758], [-3.2589111, 6.6171265], [-3.2554932, 6.6157227], [-3.2548828, 6.6101074], [-3.2443237, 6.6015015], [-3.2340088, 6.5964966], [-3.2363281, 6.5479126], [-3.2365112, 6.5386963], [-3.2293091, 6.5084839], [-3.2183228, 6.4628906], [-3.2089844, 6.4246826], [-3.1989136, 6.3826904], [-3.1934814, 6.3604736], [-3.1901855, 6.3486938], [-3.1865234, 6.3427124], [-3.185791, 6.3261108], [-3.1809082, 6.315918], [-3.177002, 6.3129272], [-3.1744995, 6.3093262], [-3.1734009, 6.3045044], [-3.1726074, 6.3007202], [-3.171814, 6.2977295], [-3.1707764, 6.2946777], [-3.1707764, 6.2902832], [-3.1708984, 6.2858887], [-3.1710815, 6.2819214], [-3.1715088, 6.2770996], [-3.1713867, 6.2739258], [-3.1715088, 6.270874], [-3.1716919, 6.2640991], [-3.1737061, 6.2590942], [-3.1740112, 6.253479], [-3.1547852, 6.2523193], [-3.1472168, 6.2393188], [-3.1412964, 6.2271118], [-3.1353149, 6.2163086], [-3.1300049, 6.2081299], [-3.1212158, 6.190918], [-3.1152954, 6.1785278], [-3.1077271, 6.1651001], [-3.1022949, 6.1519165], [-3.1011963, 6.1456909], [-3.0985107, 6.1312866], [-3.0955811, 6.1165161], [-3.093689, 6.1036987], [-3.0913086, 6.0875244], [-3.088623, 6.0697021], [-3.083313, 6.0394897], [-3.0794067, 6.0186768], [-3.0739746, 5.9852905], [-3.0728149, 5.9824829], [-3.0681763, 5.9719238], [-3.0581055, 5.9464722], [-3.0441284, 5.9135132], [-3.0358276, 5.8936768], [-3.0266113, 5.8718872], [-3.0205078, 5.8571167], [-3.0214233, 5.8284912], [-3.0231934, 5.7960815], [-3.0241089, 5.7736816], [-3.0252075, 5.753479], [-3.0258179, 5.7352905], [-3.026123, 5.7097168], [-3.0119019, 5.7103271], [-2.9927979, 5.711731], [-2.9797974, 5.7128906], [-2.9685059, 5.7141113], [-2.9526978, 5.7161255], [-2.9528198, 5.7020874], [-2.9533081, 5.6738892], [-2.9609985, 5.6696777], [-2.9666748, 5.640686], [-2.9628906, 5.6397095], [-2.9595947, 5.6367188], [-2.9555054, 5.6369019], [-2.9508057, 5.6359253], [-2.9475098, 5.6367188], [-2.9440918, 5.6339111], [-2.9404907, 5.628479], [-2.9362183, 5.6234741], [-2.9345093, 5.619873], [-2.930603, 5.6195068], [-2.9277954, 5.6201172], [-2.9243774, 5.6212769], [-2.9224243, 5.6256714], [-2.9207153, 5.6281128], [-2.916626, 5.6281128], [-2.913208, 5.6290894], [-2.9080811, 5.6292725], [-2.9039917, 5.6304932], [-2.8999023, 5.6292725], [-2.8967285, 5.6311035], [-2.8937988, 5.6325073], [-2.890686, 5.6340942], [-2.8867187, 5.6353149], [-2.8839111, 5.6361084], [-2.8829956, 5.6395264], [-2.878479, 5.6395264], [-2.8757935, 5.6431274], [-2.8718872, 5.6447144], [-2.8676758, 5.6470947], [-2.8651123, 5.6508789], [-2.8613281, 5.65271], [-2.8587036, 5.656311], [-2.8566284, 5.6541138], [-2.8554077, 5.6489258], [-2.8499146, 5.6483154], [-2.8466797, 5.6442871], [-2.843811, 5.6433105], [-2.8414917, 5.6414795], [-2.8392944, 5.6395264], [-2.8364258, 5.6395264], [-2.8353882, 5.6367188], [-2.8319092, 5.6347046], [-2.8289185, 5.6334839], [-2.8261108, 5.6304932], [-2.8231812, 5.6295166], [-2.8220825, 5.626709], [-2.8187256, 5.6268921], [-2.8154907, 5.6262817], [-2.8131104, 5.6281128], [-2.8087769, 5.6253052], [-2.8060913, 5.6195068], [-2.8040161, 5.6174927], [-2.802124, 5.6207275], [-2.7971191, 5.6226807], [-2.7932129, 5.6237183], [-2.7930908, 5.6268921], [-2.7894897, 5.6251221], [-2.786499, 5.6234741], [-2.7874146, 5.6204834], [-2.7846069, 5.6190796], [-2.7844238, 5.6149292], [-2.7802124, 5.614502], [-2.7758179, 5.6143188], [-2.7769165, 5.6096802], [-2.7783203, 5.6066895], [-2.7753906, 5.6036987], [-2.7720947, 5.6043091], [-2.7698975, 5.6022949], [-2.7661133, 5.602478], [-2.7631226, 5.6000977], [-2.762207, 5.5938721], [-2.763916, 5.5812988], [-2.765625, 5.571106], [-2.7683105, 5.5545044], [-2.7664185, 5.5457153], [-2.7625122, 5.5249023], [-2.7609863, 5.5134888], [-2.7578125, 5.4959106], [-2.7548218, 5.4771118], [-2.7529907, 5.4688721], [-2.7515259, 5.4562988], [-2.7478027, 5.4379272], [-2.7456055, 5.4321289], [-2.7390137, 5.4182739], [-2.7322998, 5.4041138], [-2.7241821, 5.3878784], [-2.7244873, 5.3781128], [-2.7241821, 5.3574829], [-2.7199097, 5.3464966], [-2.7246094, 5.3425293], [-2.7290039, 5.3413086], [-2.7324829, 5.3422852], [-2.7354126, 5.3438721], [-2.7379761, 5.3466797], [-2.7418823, 5.34552], [-2.7462158, 5.3450928], [-2.7490845, 5.3452759], [-2.7537231, 5.3444824], [-2.757019, 5.34552], [-2.7592163, 5.3491211], [-2.7623901, 5.3529053], [-2.7647095, 5.3560791], [-2.7686157, 5.3560791], [-2.7698975, 5.3522949], [-2.7730103, 5.3496704], [-2.7764282, 5.3464966], [-2.7755127, 5.3421021], [-2.7722778, 5.3389282], [-2.770813, 5.3361206], [-2.7736816, 5.3358765], [-2.7758789, 5.3341064], [-2.7764282, 5.3308716], [-2.7719116, 5.3283081], [-2.7711182, 5.3245239], [-2.7695923, 5.3212891], [-2.7677002, 5.3189087], [-2.7661133, 5.3165283], [-2.7666016, 5.3120728], [-2.7675171, 5.3082886], [-2.7666016, 5.305481], [-2.7678223, 5.3018799], [-2.7692261, 5.2987061], [-2.7694092, 5.2957153], [-2.7722168, 5.2930908], [-2.7750244, 5.2937012], [-2.7791748, 5.2944946], [-2.7835083, 5.2930908], [-2.7849121, 5.2891235], [-2.78479, 5.2850952], [-2.7838745, 5.2814941], [-2.7802124, 5.2763062], [-2.7755127, 5.2741089], [-2.7744141, 5.270874], [-2.7733765, 5.2678833], [-2.7766113, 5.2670898], [-2.7786865, 5.263916], [-2.7756958, 5.263916], [-2.7744141, 5.2611084], [-2.7709961, 5.2581177], [-2.7648926, 5.258728], [-2.7625122, 5.2554932], [-2.7581787, 5.2559204], [-2.7545776, 5.2532959], [-2.7543945, 5.2468872], [-2.7548218, 5.2423096], [-2.7579956, 5.2421265], [-2.7611084, 5.2453003], [-2.7642212, 5.2407227], [-2.7653198, 5.237915], [-2.763916, 5.2352905], [-2.7589111, 5.2351074], [-2.7562866, 5.2315063], [-2.7595825, 5.2318726], [-2.7600098, 5.229126], [-2.7578125, 5.2249146], [-2.7589111, 5.2214966], [-2.7573242, 5.2188721], [-2.7601929, 5.2178955], [-2.7639771, 5.2172852], [-2.7634888, 5.2139282], [-2.7601929, 5.2106934], [-2.7593994, 5.2061157], [-2.756897, 5.2011108], [-2.7518921, 5.2020874], [-2.7481079, 5.2022705], [-2.7487183, 5.1995239], [-2.7495117, 5.1953125], [-2.7481079, 5.1920776], [-2.746521, 5.1887207], [-2.7457886, 5.1853027], [-2.7432861, 5.182312], [-2.7421875, 5.1787109], [-2.741394, 5.1759033], [-2.7421265, 5.1729126], [-2.7446289, 5.1677246], [-2.7420044, 5.1624756], [-2.7385864, 5.159729], [-2.7415161, 5.1566772], [-2.739502, 5.1539307], [-2.737915, 5.1503296], [-2.7335815, 5.1491089], [-2.7313843, 5.1513062], [-2.7296753, 5.1478882], [-2.7272949, 5.1456909], [-2.7255859, 5.140686], [-2.7260132, 5.1375122], [-2.729187, 5.1339111], [-2.7329102, 5.1333008], [-2.7322998, 5.1298828], [-2.7357788, 5.1292725], [-2.7390747, 5.1259155], [-2.7399902, 5.1224976], [-2.7384033, 5.1196899], [-2.7390747, 5.1166992], [-2.7426147, 5.1138916], [-2.7460937, 5.116272], [-2.7490234, 5.1154785], [-2.7537231, 5.1152954], [-2.7559204, 5.1113281], [-2.7548218, 5.1085205], [-2.7567139, 5.1035156], [-2.7583008, 5.100708], [-2.7612915, 5.1035156], [-2.7651978, 5.1049194], [-2.7658081, 5.1087036], [-2.7689819, 5.1091309], [-2.7728271, 5.1115112], [-2.7758789, 5.1109009], [-2.7797852, 5.1116943], [-2.7836914, 5.1094971], [-2.7867743, 5.111381], [-2.786862, 5.1114347], [-2.7868626, 5.1116583], [-2.7846069, 5.1143188], [-2.7858887, 5.1171265], [-2.7877808, 5.1146851], [-2.7869873, 5.1115112], [-2.7902222, 5.1082764], [-2.7941284, 5.1072998], [-2.7977295, 5.1074829], [-2.8024292, 5.1087036], [-2.8063965, 5.1109009], [-2.8068237, 5.1077271], [-2.8093872, 5.1063232], [-2.8121948, 5.1072998], [-2.8115234, 5.1102905], [-2.8132935, 5.1132813], [-2.8162231, 5.1115112], [-2.8151245, 5.1068726], [-2.8179932, 5.1066895], [-2.819519, 5.1099243], [-2.8223267, 5.1104736], [-2.8239746, 5.1151123], [-2.8256836, 5.1176758], [-2.8275146, 5.1201172], [-2.8303833, 5.1210938], [-2.8342285, 5.1207275], [-2.8364868, 5.1159058], [-2.84021, 5.1137085], [-2.838501, 5.1104736], [-2.8424072, 5.1077271], [-2.8464966, 5.1080933], [-2.8502197, 5.1094971], [-2.8530273, 5.1116943], [-2.8547974, 5.1154785], [-2.8577881, 5.1160889], [-2.859375, 5.1185303], [-2.8613281, 5.121521], [-2.8641968, 5.1231079], [-2.8671875, 5.1224976], [-2.869812, 5.1234741], [-2.8726807, 5.1251221], [-2.8756104, 5.1276855], [-2.8790283, 5.1276855], [-2.8822021, 5.1260986], [-2.8859253, 5.1246948], [-2.8905029, 5.1265259], [-2.8911133, 5.123291], [-2.8922119, 5.1201172], [-2.8952026, 5.1223145], [-2.8980103, 5.1229248], [-2.9011841, 5.121521], [-2.9052124, 5.1231079], [-2.9091797, 5.121521], [-2.9144897, 5.1217041], [-2.9185181, 5.1220703], [-2.9224854, 5.1220703], [-2.9265137, 5.1210938], [-2.9299927, 5.1220703], [-2.9335937, 5.1223145], [-2.9362793, 5.1253052], [-2.9403076, 5.1243286], [-2.9403076, 5.1212769], [-2.9421997, 5.116272], [-2.9411011, 5.1121216], [-2.9365234, 5.1102905], [-2.9337769, 5.1071167], [-2.9335937, 5.1036987], [-2.9309082, 5.1002808], [-2.9315186, 5.0958862], [-2.9373779, 5.0947266], [-2.940979, 5.0941162], [-2.9429932, 5.0919189], [-2.946228, 5.0878906], [-2.9500122, 5.0847168], [-2.9537964, 5.0847168], [-2.956604, 5.0856934], [-2.9594116, 5.0863037], [-2.9633179, 5.0875244], [-2.9685059, 5.0872803], [-2.9713745, 5.0870972], [-2.9754028, 5.0872803], [-2.9785156, 5.0886841], [-2.9816284, 5.0906982], [-2.9854126, 5.093689], [-2.9885254, 5.0963135], [-2.9921265, 5.1000977], [-2.9967041, 5.1046753], [-2.9998169, 5.1080933], [-3.003418, 5.1116943], [-3.0083008, 5.1124878], [-3.0117798, 5.112915], [-3.0155029, 5.1149292], [-3.0189819, 5.1160889], [-3.0209961, 5.1188965], [-3.024292, 5.1187134], [-3.0288086, 5.1171265], [-3.0349121, 5.118103], [-3.0380249, 5.1166992], [-3.0419922, 5.1166992], [-3.0454102, 5.1188965], [-3.0488892, 5.119873], [-3.0505981, 5.1166992], [-3.0540771, 5.1173096], [-3.0571289, 5.1187134], [-3.0599976, 5.1201172], [-3.0628052, 5.1218872], [-3.0681152, 5.121521], [-3.071228, 5.119873], [-3.0720215, 5.1171265], [-3.0717773, 5.1137085], [-3.076416, 5.112915], [-3.0842896, 5.1123047], [-3.0895996, 5.112915], [-3.0933228, 5.1149292], [-3.0963745, 5.1132813], [-3.1002808, 5.1124878], [-3.1055908, 5.1138916], [-3.1085815, 5.1152954], [-3.1085205, 5.0938721], [-3.1085815, 5.090271], [-3.1005249, 5.0894775], [-3.0974121, 5.0889282], [-3.0946045, 5.0883179], [-3.0906982, 5.0875244], [-3.0869751, 5.0869141], [-3.0827026, 5.0858765], [-3.0792847, 5.0855103], [-3.0756836, 5.0847168], [-3.0717773, 5.0839233], [-3.0651245, 5.0825195], [-3.0596924, 5.0817261], [-3.0535889, 5.0803223], [-3.0499268, 5.0795288], [-3.0454102, 5.0784912], [-3.041626, 5.0778809], [-3.03479, 5.0759277], [-3.0130005, 5.0692749], [-2.9963989, 5.065918], [-2.9650269, 5.0587158], [-2.9406128, 5.0537109], [-2.9093018, 5.0485229], [-2.8688965, 5.0380859], [-2.8308105, 5.0311279], [-2.8021851, 5.0250854], [-2.7714844, 5.019104], [-2.7382202, 5.0083008], [-2.7000122, 5.0042725], [-2.6712036, 4.9993286], [-2.6552124, 4.9910889], [-2.6350098, 4.9822998], [-2.6033936, 4.9782715], [-2.564209, 4.9758911], [-2.5618286, 4.9849243], [-2.5598755, 4.9871216], [-2.5557861, 4.9857178], [-2.5537109, 4.9822998], [-2.5454102, 4.9801025], [-2.5352783, 4.9772949], [-2.5228882, 4.973877], [-2.512207, 4.9708862], [-2.4984131, 4.9678955], [-2.4946289, 4.9672852], [-2.4901123, 4.9663086], [-2.4854126, 4.965271], [-2.4807129, 4.9642944], [-2.4763184, 4.963501], [-2.4724121, 4.9625244], [-2.4691772, 4.9619141], [-2.4650879, 4.9611206], [-2.4611206, 4.9603271], [-2.458313, 4.9597168], [-2.4555054, 4.9591064], [-2.4517822, 4.958313], [-2.4487915, 4.9575195], [-2.4458008, 4.9570923], [-2.4429932, 4.9562988], [-2.4384766, 4.9553223], [-2.434021, 4.9539185], [-2.4295044, 4.953125], [-2.425415, 4.9520874], [-2.421814, 4.9511108], [-2.4171143, 4.9500732], [-2.413208, 4.9490967], [-2.4102173, 4.9483032], [-2.4055786, 4.9468994], [-2.401001, 4.9459229], [-2.3963013, 4.9448853], [-2.3922119, 4.9439087], [-2.3886108, 4.9432983], [-2.3856201, 4.9432983], [-2.3828125, 4.9423218], [-2.380188, 4.940918], [-2.3764038, 4.9396973], [-2.3728027, 4.9384766], [-2.3684082, 4.9370728], [-2.3635254, 4.9354858], [-2.3579102, 4.9337158], [-2.3533936, 4.932312], [-2.3480225, 4.930481], [-2.3435059, 4.9290771], [-2.3383179, 4.927124], [-2.3327026, 4.9249268], [-2.3278198, 4.9232788], [-2.3223267, 4.9210815], [-2.3181763, 4.9194946], [-2.3125, 4.9171143], [-2.3062134, 4.9144897], [-2.3018188, 4.9127197], [-2.2963257, 4.9107056], [-2.2922974, 4.9088745], [-2.288208, 4.9074707], [-2.28479, 4.9058838], [-2.2822266, 4.9047241], [-2.2794189, 4.9033203], [-2.2764282, 4.9016724], [-2.2728882, 4.8999023], [-2.2694092, 4.8994751], [-2.2678833, 4.8956909], [-2.2694092, 4.8922729], [-2.260376, 4.8892822], [-2.2576294, 4.8883057], [-2.2540894, 4.8862915], [-2.2504272, 4.8842773], [-2.2476807, 4.8803101], [-2.2470093, 4.8773193], [-2.2468262, 4.8743286], [-2.2459106, 4.8701172], [-2.2427979, 4.862915], [-2.243103, 4.859314], [-2.2463989, 4.8587036], [-2.2474976, 4.8552856], [-2.2435913, 4.8543091], [-2.2410278, 4.8521118], [-2.2360229, 4.8496704], [-2.2301025, 4.8485107], [-2.2260132, 4.8463135], [-2.2214966, 4.843689], [-2.2138062, 4.840271], [-2.2108765, 4.8386841], [-2.2081299, 4.8363037], [-2.2067871, 4.833313], [-2.2041016, 4.8317261], [-2.203125, 4.8262939], [-2.2034912, 4.8220825], [-2.1989136, 4.8204956], [-2.1845093, 4.8170776], [-2.180481, 4.8168945], [-2.1737061, 4.8109131], [-2.1696167, 4.8071289], [-2.1712036, 4.8043213], [-2.170105, 4.8013306], [-2.168396, 4.7966919], [-2.1647949, 4.7971191], [-2.1605835, 4.7977295], [-2.1553955, 4.7979126], [-2.1514282, 4.7974854], [-2.1480103, 4.7971191], [-2.1444092, 4.7958984], [-2.1392822, 4.7937012], [-2.1358032, 4.7908936], [-2.1328125, 4.7901001], [-2.1295776, 4.7908936], [-2.1264038, 4.7902832], [-2.1228027, 4.7896729], [-2.1192017, 4.7877197], [-2.1157837, 4.7860718], [-2.1096802, 4.7816772], [-2.1071167, 4.7789307], [-2.1051025, 4.7756958], [-2.1069946, 4.7717285], [-2.1091919, 4.769104], [-2.1118774, 4.7669067], [-2.1129761, 4.7642822], [-2.1104126, 4.7625122], [-2.1112061, 4.7559204], [-2.1088867, 4.7542725], [-2.1051025, 4.753479], [-2.1008911, 4.7531128], [-2.0930176, 4.7481079], [-2.0914917, 4.744873], [-2.09198, 4.7410889], [-2.0888062, 4.7424927], [-2.0848999, 4.7462769], [-2.078125, 4.7481079], [-2.0731812, 4.7484741], [-2.0706787, 4.7467041], [-2.0681152, 4.7451172], [-2.0640259, 4.7459106], [-2.0612793, 4.7445068], [-2.0581055, 4.7435303], [-2.0551147, 4.7407227], [-2.0535889, 4.7440796], [-2.0501099, 4.7468872], [-2.0463867, 4.7501221], [-2.0444946, 4.7531128], [-2.041687, 4.7537231], [-2.0388794, 4.7542725], [-2.034729, 4.7554932], [-2.0311279, 4.7562866], [-2.02771, 4.7570801], [-2.0234985, 4.7575073], [-2.0194092, 4.7575073], [-2.0159912, 4.7573242], [-2.0123291, 4.7570801], [-2.0084229, 4.7581177], [-1.9962769, 4.7595215], [-1.9918213, 4.7592773], [-1.9888916, 4.7590942], [-1.9849243, 4.7576904], [-1.9807129, 4.756897], [-1.9785156, 4.7590942], [-1.9755859, 4.7583008], [-1.9733276, 4.7612915], [-1.9727783, 4.7642822], [-1.97229, 4.769104], [-1.9689941, 4.7717285], [-1.9642944, 4.7744751], [-1.9605103, 4.7780762], [-1.9577026, 4.7808838], [-1.9542236, 4.7838745], [-1.9501953, 4.7866821], [-1.9470825, 4.7891235], [-1.9487915, 4.7918701], [-1.9453125, 4.7930908], [-1.9414062, 4.795105], [-1.9390259, 4.7979126], [-1.9384766, 4.8018799], [-1.9367065, 4.8067017], [-1.9296265, 4.8109131], [-1.9260254, 4.8120728], [-1.9221802, 4.8132935], [-1.9176025, 4.8140869], [-1.914978, 4.8181152], [-1.9155884, 4.8209229], [-1.9127808, 4.8255005], [-1.9077148, 4.8270874], [-1.9033203, 4.8275146], [-1.8988037, 4.8276978], [-1.8936768, 4.8275146], [-1.8901978, 4.828125], [-1.8861084, 4.8305054], [-1.8848877, 4.8339233], [-1.882019, 4.8369141], [-1.8790283, 4.8378906], [-1.8753052, 4.8399048], [-1.8723145, 4.8427124], [-1.868103, 4.8444824], [-1.8615112, 4.8464966], [-1.8585205, 4.84729], [-1.8549194, 4.8471069], [-1.8513794, 4.8477173], [-1.8427124, 4.8486938], [-1.8391113, 4.848877], [-1.8356934, 4.8515015], [-1.8353271, 4.8555298], [-1.8319092, 4.8601074], [-1.8275757, 4.8632813], [-1.8228149, 4.8651123], [-1.8178101, 4.8659058], [-1.8140869, 4.8673096], [-1.8134155, 4.8703003], [-1.8109131, 4.8718872], [-1.8082275, 4.873291], [-1.8035278, 4.8739014], [-1.798584, 4.873291], [-1.7949829, 4.8720703], [-1.7915039, 4.8723145], [-1.7888184, 4.873291], [-1.7857056, 4.8746948], [-1.7825928, 4.8751221], [-1.7792969, 4.8754883], [-1.7750244, 4.8756714], [-1.7683105, 4.8756714], [-1.7642212, 4.8765259], [-1.7611084, 4.8762817], [-1.7583008, 4.8768921], [-1.7553101, 4.8781128], [-1.7525024, 4.878479], [-1.7496948, 4.8792725], [-1.7470093, 4.8806763], [-1.7399902, 4.8811035], [-1.7354126, 4.8815308], [-1.7330933, 4.8876953], [-1.7362061, 4.8867188], [-1.7434082, 4.888916], [-1.7446899, 4.8917236], [-1.7468872, 4.894104], [-1.7476807, 4.897522], [-1.7459106, 4.9019165], [-1.743103, 4.9055176], [-1.743103, 4.9102783], [-1.743103, 4.9138794], [-1.7412109, 4.9168701], [-1.7385254, 4.9199219], [-1.7346802, 4.9235229], [-1.7290039, 4.9259033], [-1.7238159, 4.9287109], [-1.7197876, 4.9301147], [-1.7153931, 4.9317017], [-1.7111816, 4.9329224], [-1.7072144, 4.9337158], [-1.708313, 4.9401245], [-1.7073975, 4.9453125], [-1.7041016, 4.9468994], [-1.7053223, 4.949707], [-1.7045898, 4.953125], [-1.7022095, 4.9555054], [-1.6987915, 4.9575195], [-1.6934814, 4.9597168], [-1.6898193, 4.9620972], [-1.6856079, 4.963501], [-1.6807251, 4.9647217], [-1.6751099, 4.9655151], [-1.6715088, 4.9656982], [-1.6679077, 4.9664917], [-1.6638184, 4.9671021], [-1.6591797, 4.9680786], [-1.6547241, 4.9691162], [-1.6514282, 4.9694824], [-1.647583, 4.9702759], [-1.6439819, 4.9721069], [-1.6412964, 4.9777222], [-1.6378784, 4.9801025], [-1.6351929, 4.9813232], [-1.6350098, 4.984314], [-1.6342163, 4.9876709], [-1.6317139, 4.9918823], [-1.6331177, 4.9957275], [-1.6334839, 4.9987183], [-1.6322021, 5.0015259], [-1.6303101, 5.0046997], [-1.6286011, 5.0081177], [-1.6273193, 5.0126953], [-1.6256104, 5.015686], [-1.6229858, 5.0189209], [-1.6206055, 5.0214844], [-1.6168213, 5.0233154], [-1.6143799, 5.0249023], [-1.6099243, 5.0275269], [-1.6068115, 5.0283203], [-1.6038818, 5.02948], [-1.5991821, 5.0305176], [-1.5949097, 5.031311], [-1.5916748, 5.0319214], [-1.588623, 5.0322876], [-1.5842285, 5.0328979], [-1.5802002, 5.0330811], [-1.5714111, 5.0335083], [-1.5678101, 5.0336914], [-1.5626831, 5.0341187], [-1.5568848, 5.0355225], [-1.5532837, 5.0363159], [-1.5499268, 5.0374756], [-1.5465088, 5.0379028], [-1.5418091, 5.0383301], [-1.5374756, 5.0391235], [-1.5335083, 5.0393066], [-1.5302124, 5.0405273], [-1.526123, 5.0415039], [-1.5203247, 5.0418701], [-1.5145264, 5.0424805], [-1.5089111, 5.0429077], [-1.5048218, 5.0432739], [-1.5010986, 5.045105], [-1.4949951, 5.0474854], [-1.4907837, 5.0485229], [-1.487793, 5.0493164], [-1.4844971, 5.0518799], [-1.4799805, 5.0529175], [-1.4766235, 5.0543213], [-1.4735107, 5.055481], [-1.4705811, 5.0560913], [-1.4658203, 5.0565186], [-1.4616089, 5.0571289], [-1.4573975, 5.0571289], [-1.4528198, 5.0574951], [-1.4484863, 5.0579224], [-1.4448242, 5.0582886], [-1.4406128, 5.0601196], [-1.4379883, 5.0629272], [-1.4329224, 5.0646973], [-1.428894, 5.0653076], [-1.4260864, 5.065918], [-1.4230957, 5.0673218], [-1.4182129, 5.0682983], [-1.4151001, 5.0684814], [-1.4102783, 5.0684814], [-1.4074097, 5.0690918], [-1.4036255, 5.069519], [-1.3991089, 5.0697021], [-1.3942261, 5.0704956], [-1.3908081, 5.0720825], [-1.3875122, 5.0734863], [-1.383606, 5.0742798], [-1.3775024, 5.0745239], [-1.3737183, 5.0761108], [-1.3703003, 5.0772705], [-1.3657227, 5.078125], [-1.3596191, 5.0791016], [-1.354187, 5.0803223], [-1.3500977, 5.0812988], [-1.347229, 5.0836792], [-1.3482056, 5.0875244], [-1.3455811, 5.0897217], [-1.3413086, 5.0916748], [-1.3372803, 5.0927124], [-1.3330078, 5.093689], [-1.3272095, 5.0949097], [-1.3223877, 5.0963135], [-1.3164062, 5.0977173], [-1.3099976, 5.0979004], [-1.3048096, 5.0983276], [-1.2999878, 5.0986938], [-1.2926025, 5.0974731], [-1.2791748, 5.0986938], [-1.2637939, 5.098877], [-1.2556152, 5.0994873], [-1.2515259, 5.1005249], [-1.2473755, 5.100708], [-1.2401123, 5.1029053], [-1.2363281, 5.1060791], [-1.2324219, 5.1080933], [-1.2280273, 5.1113281], [-1.2246094, 5.1130981], [-1.2172241, 5.1160889], [-1.2120972, 5.1196899], [-1.2077026, 5.1193237], [-1.2047119, 5.1204834], [-1.1986084, 5.1275024], [-1.1978149, 5.1315308], [-1.1998291, 5.1342773], [-1.1967163, 5.135498], [-1.194397, 5.1375122], [-1.1903076, 5.138916], [-1.1865234, 5.1395264], [-1.1815796, 5.140686], [-1.1776123, 5.1412964], [-1.1691284, 5.144104], [-1.1660767, 5.1455078], [-1.1619873, 5.1491089], [-1.159729, 5.15271], [-1.1572266, 5.1558838], [-1.1547852, 5.1577148], [-1.1505127, 5.1605225], [-1.1488037, 5.1636963], [-1.1417236, 5.1665039], [-1.1384277, 5.1671143], [-1.1293945, 5.1704712], [-1.1182251, 5.1744995], [-1.1148071, 5.1785278], [-1.1104126, 5.1796875], [-1.1066284, 5.1809082], [-1.1015015, 5.1854858], [-1.0977173, 5.1875], [-1.0953979, 5.1896973], [-1.0916138, 5.1932983], [-1.0834961, 5.196106], [-1.0673828, 5.1987305], [-1.0482178, 5.1998901], [-1.0247803, 5.2011108], [-1.0203247, 5.2012939], [-1.0144043, 5.2019043], [-1.0108032, 5.2014771], [-0.9846191, 5.2020874], [-0.9793091, 5.2022705], [-0.973877, 5.2022705], [-0.9702759, 5.2022705], [-0.9666748, 5.2025146], [-0.9277954, 5.204895], [-0.9238892, 5.2050781], [-0.920105, 5.2053223], [-0.9155273, 5.2055054], [-0.9105835, 5.2056885], [-0.9066162, 5.2056885], [-0.90271, 5.2058716], [-0.8978271, 5.2061157], [-0.8931274, 5.2064819], [-0.8897095, 5.2064819], [-0.8865967, 5.2069092], [-0.8823242, 5.2072754], [-0.8781128, 5.2072754], [-0.87323, 5.2078857], [-0.8688965, 5.2078857], [-0.8652954, 5.2078857], [-0.8609009, 5.208313], [-0.8568115, 5.2084961], [-0.8530273, 5.2086792], [-0.8479004, 5.2091064], [-0.8427124, 5.2094727], [-0.8380127, 5.2098999], [-0.8336792, 5.2105103], [-0.8302002, 5.2108765], [-0.8217163, 5.2122803], [-0.817627, 5.2133179], [-0.8129883, 5.2141113], [-0.8101196, 5.215271], [-0.8071289, 5.2163086], [-0.805481, 5.2188721], [-0.8035278, 5.2208862], [-0.7993164, 5.2229004], [-0.7946777, 5.2246704], [-0.7907104, 5.2277222], [-0.7894287, 5.2324829], [-0.7841797, 5.2359009], [-0.7808228, 5.2396851], [-0.7791748, 5.2437134], [-0.7775269, 5.246521], [-0.7747192, 5.2476807], [-0.7705078, 5.2495117], [-0.7664795, 5.2510986], [-0.760376, 5.2539063], [-0.7584229, 5.2562866], [-0.7561035, 5.258728], [-0.7565918, 5.2628784], [-0.7548828, 5.265686], [-0.7518921, 5.2681274], [-0.7487793, 5.2730713], [-0.7462158, 5.2753296], [-0.742981, 5.2764893], [-0.737915, 5.2783203], [-0.7338867, 5.2800903], [-0.7319946, 5.2821045], [-0.7280273, 5.2850952], [-0.7297974, 5.2879028], [-0.7307129, 5.2918701], [-0.7304077, 5.2949219], [-0.7269897, 5.2982788], [-0.7233887, 5.300293], [-0.7196045, 5.3018799], [-0.7166748, 5.3031006], [-0.713623, 5.3040771], [-0.7088013, 5.305481], [-0.7039185, 5.3074951], [-0.6998901, 5.3087158], [-0.696228, 5.3109131], [-0.6918945, 5.3120728], [-0.6884155, 5.3131104], [-0.6851807, 5.3139038], [-0.682312, 5.3154907], [-0.6781006, 5.3173218], [-0.6737061, 5.3192749], [-0.6688843, 5.3209229], [-0.6655884, 5.3218994], [-0.6538086, 5.3245239], [-0.6505127, 5.3253174], [-0.6463013, 5.3262939], [-0.6430054, 5.3270874], [-0.6401978, 5.3276978], [-0.6331177, 5.3291016], [-0.62323, 5.3314819], [-0.6118774, 5.3369141], [-0.5983887, 5.3433228], [-0.5891113, 5.3480835], [-0.5648804, 5.3604736], [-0.5543213, 5.3654785], [-0.5509033, 5.3654785], [-0.5474243, 5.3660889], [-0.5435791, 5.3666992], [-0.5394897, 5.3676758], [-0.5256958, 5.3704834], [-0.5217285, 5.3712769], [-0.5112915, 5.3743286], [-0.5076904, 5.3754883], [-0.5042114, 5.3765259], [-0.5012817, 5.3773193], [-0.4981079, 5.3787231], [-0.4962769, 5.3812866], [-0.493103, 5.3833008], [-0.4893188, 5.385498], [-0.4893188, 5.3883057], [-0.4873047, 5.3917236], [-0.4844971, 5.3953247], [-0.4827271, 5.3984985], [-0.4805908, 5.4020996], [-0.4763184, 5.40448], [-0.4738159, 5.4066772], [-0.4655762, 5.4129028], [-0.4644165, 5.4155273], [-0.463501, 5.4182739], [-0.4641113, 5.4221191], [-0.4666748, 5.4260864], [-0.4642944, 5.4301147], [-0.4614868, 5.4326782], [-0.4592285, 5.4345093], [-0.4553223, 5.4368896], [-0.4517212, 5.4387207], [-0.4483032, 5.4401245], [-0.4447021, 5.4423218], [-0.4199829, 5.4528809], [-0.4141846, 5.4570923], [-0.409729, 5.4619141], [-0.4074097, 5.4647217], [-0.4058838, 5.4697266], [-0.3991089, 5.4749146], [-0.3894043, 5.4786987], [-0.3800049, 5.4859009], [-0.371582, 5.4888916], [-0.3670044, 5.4937134], [-0.3583984, 5.4976807], [-0.352478, 5.4979248], [-0.3444824, 5.5020752], [-0.3374023, 5.503479], [-0.3231812, 5.506897], [-0.3068848, 5.5112915], [-0.291687, 5.5148926], [-0.2816162, 5.5167236], [-0.2713013, 5.5192871], [-0.2667236, 5.5200806], [-0.2636108, 5.5206909], [-0.2581787, 5.5219116], [-0.2540894, 5.5228882], [-0.2504883, 5.5236816], [-0.2463989, 5.524292], [-0.2434082, 5.5249023], [-0.2401123, 5.5255127], [-0.2363281, 5.526123], [-0.2329102, 5.5269165], [-0.2299194, 5.5278931], [-0.2258911, 5.5291138], [-0.2205811, 5.5305176], [-0.2155762, 5.5316772], [-0.2122803, 5.5324707], [-0.2089233, 5.5335083], [-0.2084961, 5.5372925], [-0.2056274, 5.5402832], [-0.2019043, 5.5422974], [-0.1970215, 5.5449219], [-0.1920776, 5.5444946], [-0.189209, 5.545105], [-0.1862793, 5.5457153], [-0.182312, 5.546875], [-0.1791992, 5.5487061], [-0.1751099, 5.5496826], [-0.1707153, 5.5507202], [-0.1665039, 5.5518799], [-0.1627808, 5.5531006], [-0.1582031, 5.555481], [-0.1541748, 5.5568848], [-0.1508789, 5.5582886], [-0.1470947, 5.5596924], [-0.1439819, 5.5604858], [-0.1395874, 5.5617065], [-0.1364746, 5.5626831], [-0.1326294, 5.5637207], [-0.1275024, 5.5646973], [-0.1229248, 5.5662842], [-0.1187134, 5.5681152], [-0.1151123, 5.5701294], [-0.1115112, 5.5712891], [-0.1071777, 5.5726929], [-0.1032104, 5.574707], [-0.1005249, 5.5770874], [-0.097229, 5.5803223], [-0.0933838, 5.5848999], [-0.0889893, 5.585083], [-0.0855103, 5.5858765], [-0.081604, 5.5869141], [-0.0778809, 5.588501], [-0.0717163, 5.5925293], [-0.0686035, 5.5966797], [-0.0639038, 5.598877], [-0.0610962, 5.602478], [-0.0588989, 5.6068726], [-0.0545044, 5.6080933], [-0.0510864, 5.6087036], [-0.0463867, 5.6104736], [-0.0415039, 5.6118774], [-0.0372925, 5.6124878], [-0.0336914, 5.6130981], [-0.0300293, 5.6132813], [-0.0255127, 5.6140747], [-0.0202026, 5.6159058], [-0.015625, 5.6173096], [-0.0134277, 5.6196899], [-0.0065918, 5.6220703], [-0.0031128, 5.623291], [0.0001221, 5.6246948], [0.0053101, 5.6254883], [0.0106812, 5.6317139], [0.0172729, 5.6422729], [0.0211182, 5.6436768], [0.0239258, 5.6442871], [0.0270996, 5.645874], [0.0280762, 5.6508789], [0.0299072, 5.6533203], [0.0319214, 5.6558838], [0.0341187, 5.6578979], [0.0377197, 5.659729], [0.0432739, 5.6633301], [0.0432739, 5.6663208], [0.0437012, 5.6707153], [0.0458984, 5.6754761], [0.0496826, 5.6779175], [0.0532837, 5.6798706], [0.0567017, 5.6818848], [0.0588989, 5.684082], [0.0612793, 5.68573], [0.0640869, 5.6889038], [0.0678711, 5.6948853], [0.0739136, 5.6954956], [0.0778809, 5.6964722], [0.0811157, 5.6973267], [0.0855103, 5.6981201], [0.0921021, 5.6990967], [0.0971069, 5.7000732], [0.1008911, 5.7011108], [0.1043091, 5.7012939], [0.1077271, 5.7020874], [0.112915, 5.7039185], [0.116272, 5.7050781], [0.1193237, 5.7056885], [0.1224976, 5.7062988], [0.1259155, 5.7077026], [0.1287231, 5.7092896], [0.1306763, 5.711731], [0.1320801, 5.7155151], [0.1342773, 5.7180786], [0.1375122, 5.7214966], [0.1405029, 5.7233276], [0.1436768, 5.7246704], [0.1469116, 5.7260742], [0.1506958, 5.727478], [0.1549072, 5.7285156], [0.1608887, 5.730896], [0.1651001, 5.7329102], [0.1691284, 5.7351074], [0.1727295, 5.7373047], [0.1765137, 5.7390747], [0.1793213, 5.7396851], [0.182312, 5.7402954], [0.1854858, 5.7435303], [0.1903076, 5.7440796], [0.1939087, 5.7443237], [0.1984863, 5.7445068], [0.2022705, 5.7446899], [0.2067261, 5.7451172], [0.2114868, 5.7459106], [0.2155151, 5.7460938], [0.218689, 5.746521], [0.22229, 5.7481079], [0.2266846, 5.7498779], [0.2301025, 5.751709], [0.2341309, 5.753479], [0.2368774, 5.7546997], [0.2399292, 5.7565308], [0.2432861, 5.758728], [0.246521, 5.7617188], [0.2496948, 5.7645264], [0.2520752, 5.7659302], [0.2578735, 5.7677002], [0.2625122, 5.7684937], [0.2659302, 5.7698975], [0.2694702, 5.770874], [0.2722778, 5.7719116], [0.2753296, 5.7727051], [0.281311, 5.7741089], [0.2852783, 5.7749023], [0.2886963, 5.7749023], [0.291687, 5.7758789], [0.2960815, 5.7769165], [0.3010864, 5.7778931], [0.3045044, 5.7785034], [0.3079224, 5.77948], [0.3153076, 5.7811279], [0.321106, 5.7821045], [0.3284912, 5.7828979], [0.3325195, 5.7835083], [0.3363037, 5.7836914], [0.340271, 5.7838745], [0.3433228, 5.7843018], [0.3464966, 5.784729], [0.350708, 5.7849121], [0.3546753, 5.7855225], [0.3594971, 5.7857056], [0.364502, 5.7860718], [0.3717041, 5.786499], [0.3782959, 5.7869263], [0.3812866, 5.7869263], [0.3909302, 5.7874756], [0.4036865, 5.7880859], [0.4105225, 5.7883301], [0.4144897, 5.7883301], [0.4204712, 5.7886963], [0.4266968, 5.7888794], [0.4346924, 5.7891235], [0.4375, 5.7886963], [0.4431152, 5.7891235], [0.4503174, 5.7888794], [0.4584961, 5.7896729], [0.4628906, 5.7885132], [0.4677124, 5.7879028], [0.4716797, 5.7879028], [0.4750977, 5.7874756], [0.4794922, 5.7871094], [0.4824829, 5.7869263], [0.4893188, 5.786499], [0.494873, 5.7863159], [0.4998779, 5.7857056], [0.5039063, 5.7857056], [0.5076904, 5.7855225], [0.5126953, 5.784729], [0.5162964, 5.784729], [0.520874, 5.7838745], [0.5255127, 5.7828979], [0.5289307, 5.7827148], [0.5363159, 5.7821045], [0.5413208, 5.7816772], [0.5513306, 5.7811279], [0.5545044, 5.7811279], [0.5596924, 5.7807007], [0.5646973, 5.7800903], [0.5714722, 5.77948], [0.5756836, 5.7791138], [0.5797119, 5.7786865], [0.5856934, 5.7780762], [0.5886841, 5.7775269], [0.5950928, 5.7772827], [0.5991211, 5.7766724], [0.605896, 5.7763062], [0.6196899, 5.7747192], [0.6234741, 5.7741089], [0.6265259, 5.7741089], [0.6333008, 5.7730713], [0.6373291, 5.7727051], [0.6419067, 5.7722778], [0.645874, 5.7713013], [0.6508789, 5.7703247], [0.656311, 5.7697144], [0.6613159, 5.769104], [0.6663208, 5.7689209], [0.670105, 5.7684937], [0.6746826, 5.7686768], [0.6779175, 5.7692871], [0.6796875, 5.7717285], [0.6843262, 5.7711182], [0.68927, 5.7689209], [0.6934814, 5.7664795], [0.6928711, 5.7694702], [0.6964722, 5.7703247], [0.7017212, 5.7700806], [0.7062988, 5.7705078], [0.7111206, 5.7733154], [0.7155151, 5.7719116], [0.7141113, 5.7692871], [0.7183228, 5.7697144], [0.7221069, 5.7705078], [0.7279053, 5.7700806], [0.7357178, 5.7728882], [0.7435303, 5.772522], [0.7686768, 5.769104], [0.7877197, 5.770874], [0.8165283, 5.7697144], [0.8275146, 5.7747192], [0.833313, 5.7750854], [0.8375244, 5.7755127], [0.8414917, 5.7758789], [0.8463135, 5.7763062], [0.8508911, 5.7766724], [0.8546753, 5.7772827], [0.8585205, 5.77771], [0.8623047, 5.7783203], [0.8668823, 5.7786865], [0.8734741, 5.7797241], [0.8781128, 5.7800903], [0.8815308, 5.7807007], [0.8861084, 5.7808838], [0.8895264, 5.781311], [0.8927002, 5.7814941], [0.8967285, 5.7819214], [0.8999023, 5.7822876], [0.9041138, 5.7827148], [0.9086914, 5.7835083], [0.9136963, 5.7844849], [0.9180908, 5.7850952], [0.9216919, 5.7858887], [0.9254761, 5.7872925], [0.9295044, 5.7891235], [0.9331055, 5.7908936], [0.9360962, 5.7924805], [0.9384766, 5.7941284], [0.9415283, 5.7963257], [0.9437256, 5.7982788], [0.9470825, 5.8015137], [0.9490967, 5.8032837], [0.9525146, 5.8071289], [0.9561157, 5.8109131], [0.9597168, 5.8146973], [0.963501, 5.8182983], [0.9678955, 5.8231201], [0.9708862, 5.8264771], [0.9735107, 5.8297119], [0.9763184, 5.8336792], [0.9794922, 5.838501], [0.9815063, 5.8414917], [0.9852905, 5.8496704], [0.9871216, 5.8536987], [0.9882813, 5.8574829], [0.9890747, 5.8602905], [0.9902954, 5.8635254], [0.9910889, 5.8671265], [0.9921265, 5.8707275], [0.9926758, 5.8739014], [0.9935303, 5.8779297], [0.9938965, 5.8847046], [0.9938965, 5.8895264], [0.9937134, 5.8934937], [0.9902954, 5.9052734], [0.9909058, 5.9091187], [0.9918823, 5.9133301], [0.9926758, 5.9168701], [0.9937134, 5.920105], [0.9951172, 5.9243164], [0.9970703, 5.9285278], [0.9987183, 5.9315186], [1.0009155, 5.9354858], [1.0023193, 5.9381104], [1.0048828, 5.9418945], [1.0081177, 5.9462891], [1.0109253, 5.9505005], [1.0169067, 5.960083], [1.019104, 5.9633179], [1.0228882, 5.9680786], [1.0244751, 5.9707031], [1.0270996, 5.9746704], [1.0289307, 5.9794922], [1.0314941, 5.9827271], [1.041687, 5.9974976], [1.0637207, 6.0264893], [1.0819092, 6.0465088], [1.1051025, 6.0637207], [1.1260986, 6.0772705], [1.156311, 6.0916748], [1.1845093, 6.1044922], [1.1995239, 6.1126709], [1.199707, 6.130127], [1.199707, 6.1373291], [1.1987305, 6.1522827], [1.2003174, 6.1677246], [1.182312, 6.1677246], [1.1643066, 6.1685181], [1.1275024, 6.1679077], [1.0844727, 6.1693115], [1.0797119, 6.1710815], [1.0764771, 6.1730957], [1.0755005, 6.177124], [1.0786743, 6.1798706], [1.0803223, 6.184082], [1.0770874, 6.1879272], [1.0753174, 6.1904907], [1.072876, 6.1932983], [1.0750732, 6.1953125], [1.0737305, 6.1990967], [1.0698853, 6.2077026], [1.0678711, 6.2108765], [1.0667114, 6.2147217], [1.0665283, 6.2177124], [1.0651245, 6.2208862], [1.0631104, 6.2236938], [1.0604858, 6.2260742], [1.057312, 6.2301025], [1.0543213, 6.2332764], [1.0510864, 6.2337036], [1.0474854, 6.2338867], [1.0443115, 6.2352905], [1.0407104, 6.2365112], [1.0372925, 6.2382813], [1.0358887, 6.2409058], [1.0336914, 6.2429199], [1.0321045, 6.2462769], [1.02948, 6.2503052], [1.0266724, 6.2539063], [1.0244751, 6.2562866], [1.0228882, 6.2592773], [1.0219116, 6.262085], [1.0205078, 6.2645264], [1.0192871, 6.2670898], [1.0175171, 6.2717285], [1.0167236, 6.2764893], [1.0167236, 6.2797241], [1.0159302, 6.2828979], [1.0159302, 6.286499], [1.0140991, 6.2893066], [1.0109253, 6.2910767], [1.0078735, 6.2954712], [1.006897, 6.300293], [1.0067139, 6.3045044], [1.0053101, 6.3110962], [1.006897, 6.31427], [1.0078735, 6.3225098], [1.006897, 6.3272705], [1.0056763, 6.3322754], [1.0040894, 6.3348999], [0.9641113, 6.335083], [0.9519043, 6.3356934], [0.9360962, 6.3358765], [0.9223022, 6.3358765], [0.9072876, 6.3358765], [0.8922729, 6.3363037], [0.890686, 6.3391113], [0.8881226, 6.3433228], [0.8873291, 6.3491211], [0.8848877, 6.3530884], [0.8826904, 6.3560791], [0.8789063, 6.3591309], [0.8756714, 6.3635254], [0.8745117, 6.3668823], [0.8723145, 6.3687134], [0.8646851, 6.3743286], [0.8618774, 6.3792725], [0.855896, 6.383728], [0.8399048, 6.3964844], [0.8261108, 6.4041138], [0.8154907, 6.4064941], [0.8024902, 6.4088745], [0.7874756, 6.4135132], [0.7821045, 6.4345093], [0.7730713, 6.4381104], [0.760498, 6.4431152], [0.7542725, 6.4456787], [0.7489014, 6.4470825], [0.744873, 6.4584961], [0.746521, 6.4838867], [0.7322998, 6.4849243], [0.7282715, 6.4915161], [0.7258911, 6.4953003], [0.7235107, 6.4993286], [0.7216797, 6.5020752], [0.7202759, 6.5065308], [0.718689, 6.512085], [0.7178955, 6.5227051], [0.7175293, 6.5275269], [0.7191162, 6.5349121], [0.7282715, 6.5432739], [0.741272, 6.5548706], [0.7462769, 6.5595093], [0.7489014, 6.5631104], [0.7493286, 6.5689087], [0.7487183, 6.5731201], [0.7473145, 6.5775146], [0.7424927, 6.5891113], [0.7316895, 6.5897217], [0.7236938, 6.5899048], [0.711731, 6.585083], [0.697876, 6.588501], [0.6917114, 6.5916748], [0.6896973, 6.5974731], [0.6889038, 6.6005249], [0.68573, 6.6029053], [0.6821289, 6.6065063], [0.6763306, 6.6109009], [0.6729126, 6.6137085], [0.6707153, 6.6113281], [0.6699219, 6.6080933], [0.6674805, 6.6065063], [0.6636963, 6.6055298], [0.6594849, 6.6074829], [0.6547241, 6.611084], [0.6522827, 6.6146851], [0.6520996, 6.6185303], [0.6494751, 6.621521], [0.6483154, 6.6251221], [0.6463013, 6.6273193], [0.6434937, 6.6311035], [0.6405029, 6.6312866], [0.6376953, 6.630127], [0.637085, 6.6356812], [0.6384888, 6.6384888], [0.6356812, 6.6409302], [0.6373291, 6.6456909], [0.6392822, 6.6500854], [0.6392822, 6.6533203], [0.6411133, 6.6574707], [0.6422729, 6.6608887], [0.6434937, 6.6652832], [0.644104, 6.6680908], [0.6431274, 6.6724854], [0.6434937, 6.6782837], [0.6436768, 6.6829224], [0.645874, 6.6851196], [0.644104, 6.6887207], [0.644104, 6.6928711], [0.6447144, 6.6983032], [0.6470947, 6.7014771], [0.6478882, 6.7053223], [0.647522, 6.7097168], [0.6489258, 6.7125244], [0.6470947, 6.7158813], [0.6447144, 6.7180786], [0.6442871, 6.7227173], [0.6453247, 6.727478], [0.6456909, 6.7313232], [0.6486816, 6.7344971], [0.6494751, 6.7382813], [0.6477051, 6.7404785], [0.6436768, 6.7429199], [0.6369019, 6.7454834], [0.6331177, 6.748291], [0.6292725, 6.7487183], [0.6245117, 6.748291], [0.6226807, 6.7504883], [0.6187134, 6.7539063], [0.6151123, 6.7523193], [0.6126709, 6.7506714], [0.6091309, 6.7484741], [0.6046753, 6.7515259], [0.6013184, 6.7559204], [0.5979004, 6.7565308], [0.5950928, 6.7584839], [0.5906982, 6.7600708], [0.5855103, 6.7614746], [0.5825195, 6.7617188], [0.579895, 6.7633057], [0.5778809, 6.7653198], [0.5761108, 6.7686768], [0.5740967, 6.7714844], [0.5733032, 6.774292], [0.5764771, 6.774292], [0.5742798, 6.7775269], [0.5704956, 6.7805176], [0.567688, 6.7838745], [0.5670776, 6.7883301], [0.5690918, 6.7921143], [0.5692749, 6.796875], [0.5689087, 6.8010864], [0.5733032, 6.8001099], [0.5761108, 6.7994995], [0.5772705, 6.8031006], [0.5795288, 6.8065186], [0.5769043, 6.8082886], [0.5733032, 6.8093262], [0.569519, 6.8104858], [0.5682983, 6.8137207], [0.5670776, 6.8197021], [0.5653076, 6.8239136], [0.5617065, 6.824707], [0.5584717, 6.8264771], [0.5562744, 6.8289185], [0.5531006, 6.8305054], [0.5501099, 6.8320923], [0.5473022, 6.8341064], [0.5457153, 6.829895], [0.5437012, 6.8272705], [0.5408936, 6.8269043], [0.5388794, 6.8248901], [0.5357056, 6.8267212], [0.5324707, 6.828125], [0.5328979, 6.8311157], [0.5335083, 6.8341064], [0.5319214, 6.8438721], [0.5319214, 6.8486938], [0.5319214, 6.8557129], [0.5350952, 6.8591309], [0.5410767, 6.8623047], [0.5429077, 6.8649292], [0.5369263, 6.873291], [0.5344849, 6.8765259], [0.5377197, 6.8789063], [0.5421143, 6.8795166], [0.5473022, 6.8809204], [0.5513306, 6.8826904], [0.5562744, 6.8862915], [0.5587158, 6.890686], [0.5598755, 6.8977051], [0.5623169, 6.9052734], [0.5625, 6.9133301], [0.5634766, 6.9160767], [0.565918, 6.9215088], [0.5595093, 6.9285278], [0.552124, 6.930481], [0.5496826, 6.9332886], [0.5479126, 6.9370728], [0.5441284, 6.9365234], [0.5385132, 6.9384766], [0.5355225, 6.9395142], [0.5319214, 6.9404907], [0.5250854, 6.9411011], [0.5230713, 6.9473267], [0.5241089, 6.9498901], [0.526123, 6.9550781], [0.5249023, 6.958313], [0.5239258, 6.9611206], [0.5255127, 6.963501], [0.5236816, 6.9664917], [0.522522, 6.9719238], [0.5272827, 6.9736938], [0.5305176, 6.975708], [0.5344849, 6.9777222], [0.5358887, 6.9805298], [0.5371094, 6.984314], [0.5393066, 6.9868774], [0.5424805, 6.9896851], [0.5460815, 6.9921265], [0.5494995, 6.9937134], [0.5545044, 6.994873], [0.559082, 6.9957275], [0.565918, 6.998291], [0.5709229, 6.9996948], [0.5748901, 6.9979248], [0.579895, 6.9979248], [0.583313, 7.0004883], [0.5861206, 7.0020752], [0.5894775, 7.0023193], [0.5944824, 7.0031128], [0.5961304, 7.0062866], [0.5947266, 7.0097046], [0.5971069, 7.0128784], [0.5994873, 7.015686], [0.6013184, 7.0189209], [0.602478, 7.0236816], [0.6013184, 7.02771], [0.6010742, 7.0311279], [0.6022949, 7.0338745], [0.6010742, 7.0415039], [0.5994873, 7.0496826], [0.5980835, 7.055481], [0.5974731, 7.06073], [0.5994873, 7.0645142], [0.6022949, 7.0684814], [0.6043091, 7.0725098], [0.6065063, 7.0756836], [0.6080933, 7.0789185], [0.6094971, 7.0814819], [0.611084, 7.0841064], [0.6121216, 7.0869141], [0.612915, 7.0899048], [0.6143188, 7.0925293], [0.6143188, 7.0957031], [0.6121216, 7.0980835], [0.6137085, 7.1008911], [0.6115112, 7.1055298], [0.6068726, 7.1071167], [0.6022949, 7.1091309], [0.6008911, 7.1126709], [0.5974731, 7.114502], [0.5930786, 7.1137085], [0.5938721, 7.1179199], [0.5950928, 7.1239014], [0.5969238, 7.1331177], [0.600708, 7.1361084], [0.6038818, 7.1376953], [0.6055298, 7.1420898], [0.605896, 7.1455078], [0.6057129, 7.149292], [0.6052856, 7.1522827], [0.6049194, 7.1557007], [0.6074829, 7.1583252], [0.6124878, 7.1572876], [0.6168823, 7.1622925], [0.618103, 7.1685181], [0.6159058, 7.177124], [0.6176758, 7.1831055], [0.6218872, 7.1843262], [0.6248779, 7.1829224], [0.6262817, 7.1860962], [0.6312866, 7.1964722], [0.6326904, 7.2014771], [0.6345215, 7.22052], [0.6390991, 7.2260742], [0.6392822, 7.2329102], [0.6386719, 7.2373047], [0.6403198, 7.2437134], [0.6405029, 7.2490845], [0.6427002, 7.2526855], [0.644104, 7.2573242], [0.6442871, 7.2631226], [0.6434937, 7.2694702], [0.6431274, 7.2733154], [0.6431274, 7.2786865], [0.6456909, 7.2874756], [0.6467285, 7.2908936], [0.6503296, 7.2913208], [0.6522827, 7.2982788], [0.6539307, 7.3013306], [0.6564941, 7.3067017], [0.6578979, 7.3109131], [0.6588745, 7.3167114], [0.6558838, 7.3240967], [0.6536865, 7.3317261], [0.6506958, 7.3457031], [0.649292, 7.3543091], [0.6477051, 7.3594971], [0.6453247, 7.3654785], [0.6448975, 7.369873], [0.6433105, 7.3751221], [0.6456909, 7.3768921], [0.6472778, 7.3806763], [0.6453247, 7.3867188], [0.6447144, 7.3978882], [0.6417236, 7.4013062], [0.6340942, 7.4036865], [0.6312866, 7.4030762], [0.6287231, 7.4047241], [0.6253052, 7.4113159], [0.6196899, 7.4133301], [0.6160889, 7.4113159], [0.6102905, 7.4102783], [0.6079102, 7.4077148], [0.6052856, 7.4061279], [0.6021118, 7.4078979], [0.5986938, 7.4003296], [0.5841064, 7.3970947], [0.5731201, 7.3947144], [0.5709229, 7.3969116], [0.5675049, 7.3986816], [0.5634766, 7.3989258], [0.5596924, 7.401123], [0.5557251, 7.4036865], [0.5526733, 7.406311], [0.5509033, 7.4086914], [0.5493164, 7.4119263], [0.5460815, 7.4146729], [0.5438843, 7.4193115], [0.5402832, 7.4223022], [0.5369263, 7.4265137], [0.5374756, 7.4296875], [0.5372925, 7.4334717], [0.5366821, 7.4365234], [0.534729, 7.4398804], [0.5327148, 7.4439087], [0.5327148, 7.4475098], [0.5330811, 7.4506836], [0.5322876, 7.454895], [0.5283203, 7.4581299], [0.5247192, 7.4570923], [0.5217285, 7.4555054], [0.5219116, 7.4586792], [0.5194702, 7.4613037], [0.5234985, 7.4636841], [0.5228882, 7.4680786], [0.5205078, 7.4699097], [0.5219116, 7.4735107], [0.5250854, 7.475708], [0.5280762, 7.4796753], [0.5264893, 7.4835205], [0.5291138, 7.4863281], [0.5266724, 7.4876709], [0.5272827, 7.491272], [0.5239258, 7.493103], [0.524292, 7.4974976], [0.5236816, 7.5015259], [0.5217285, 7.5059204], [0.520874, 7.5103149], [0.519104, 7.5131226], [0.5214844, 7.5200806], [0.5249023, 7.5477295], [0.5263062, 7.5587158], [0.52771, 7.5703125], [0.5285034, 7.5764771], [0.5291138, 7.5831299], [0.5278931, 7.5883179], [0.5236816, 7.5900879], [0.5206909, 7.590271], [0.5192871, 7.5928955], [0.5220947, 7.5938721], [0.5264893, 7.5952759], [0.5305176, 7.59729], [0.5335083, 7.6002808], [0.5360718, 7.6032715], [0.5418701, 7.6068726], [0.5458984, 7.6077271], [0.553894, 7.6079102], [0.5565186, 7.6099243], [0.5609131, 7.612915], [0.5678711, 7.6159058], [0.5834961, 7.6226807], [0.5863037, 7.6251221], [0.5856934, 7.630127], [0.5848999, 7.635498], [0.5847168, 7.6403198], [0.5836792, 7.6470947], [0.5834961, 7.6519165], [0.5831299, 7.6558838], [0.5839233, 7.6594849], [0.5842896, 7.6638794], [0.5858765, 7.6672974], [0.5864868, 7.6708984], [0.5877075, 7.6779175], [0.5892944, 7.6884766], [0.5897217, 7.6931152], [0.5925293, 7.7041016], [0.59552, 7.7069092], [0.5991211, 7.7086792], [0.6029053, 7.710083], [0.6066895, 7.7098999], [0.6102905, 7.7103271], [0.6126709, 7.7081299], [0.6154785, 7.7067261], [0.6176758, 7.7042847], [0.6204834, 7.7034912], [0.6254883, 7.7042847], [0.6290894, 7.7056885], [0.6276855, 7.7091064], [0.6246948, 7.7114868], [0.6234741, 7.715271], [0.6223145, 7.7197266], [0.6217041, 7.7233276], [0.6201172, 7.7263184], [0.6193237, 7.7310791], [0.6176758, 7.7359009], [0.6165161, 7.7388916], [0.6166992, 7.7437134], [0.6149292, 7.7479248], [0.6115112, 7.7540894], [0.6140747, 7.7567139], [0.6187134, 7.7576904], [0.619873, 7.7636719], [0.626709, 7.7648926], [0.6304932, 7.7675171], [0.6309204, 7.7706909], [0.6304932, 7.774292], [0.6306763, 7.77771], [0.630127, 7.781311], [0.6295166, 7.7852783], [0.6275024, 7.7894897], [0.6281128, 7.7935181], [0.6226807, 7.7943115], [0.6176758, 7.7963257], [0.6204834, 7.7988892], [0.6179199, 7.8031006], [0.6174927, 7.8067017], [0.6182861, 7.8161011], [0.6196899, 7.8239136], [0.6196899, 7.8317261], [0.6209106, 7.836731], [0.6209106, 7.8419189], [0.6240845, 7.8422852], [0.6262817, 7.8505249], [0.6270752, 7.8596802], [0.6275024, 7.8682861], [0.623291, 7.871521], [0.6220703, 7.8781128], [0.6239014, 7.8839111], [0.6207275, 7.9008789], [0.6260986, 7.9014893], [0.6289063, 7.9099121], [0.6317139, 7.9138794], [0.6281128, 7.9179077], [0.6304932, 7.920105], [0.6276855, 7.9238892], [0.6262817, 7.9276733], [0.6268921, 7.9310913], [0.6239014, 7.9338989], [0.6212769, 7.9367065], [0.6224976, 7.9398804], [0.6231079, 7.9454956], [0.6226807, 7.9506836], [0.6223145, 7.9542847], [0.6237183, 7.9569092], [0.623291, 7.961731], [0.6204834, 7.9647217], [0.6176758, 7.9658813], [0.6174927, 7.9711304], [0.6165161, 7.975708], [0.6157227, 7.9801025], [0.6166992, 7.9841309], [0.6165161, 7.9890747], [0.6154785, 7.9937134], [0.6140747, 7.9984741], [0.6130981, 8.0046997], [0.6166992, 8.0065308], [0.6207275, 8.0078735], [0.6223145, 8.0125122], [0.6201172, 8.0161133], [0.6160889, 8.0172729], [0.6135254, 8.0205078], [0.611084, 8.0244751], [0.6096802, 8.0270996], [0.6060791, 8.0269165], [0.6005249, 8.026123], [0.5986938, 8.0307007], [0.5947266, 8.0388794], [0.5969238, 8.0424805], [0.5974731, 8.0454712], [0.5966797, 8.0496826], [0.598877, 8.0537109], [0.5986938, 8.057312], [0.5974731, 8.0615234], [0.5930786, 8.0617065], [0.5913086, 8.0670776], [0.5919189, 8.0703125], [0.5905151, 8.0748901], [0.5899048, 8.0800781], [0.5883179, 8.0844727], [0.585083, 8.0933228], [0.5856934, 8.1010742], [0.5883179, 8.1027222], [0.5919189, 8.1032715], [0.5922852, 8.1068726], [0.5916748, 8.116272], [0.5942993, 8.1275024], [0.5914917, 8.1362915], [0.5933228, 8.1390991], [0.6013184, 8.1395264], [0.6068726, 8.138916], [0.6077271, 8.1439209], [0.609314, 8.1467285], [0.6113281, 8.1541138], [0.6107178, 8.1621094], [0.6094971, 8.1672974], [0.6077271, 8.1724854], [0.611084, 8.1743164], [0.6132813, 8.1766968], [0.6138916, 8.1801147], [0.6132813, 8.1843262], [0.6068726, 8.1810913], [0.6032715, 8.1815186], [0.6008911, 8.1859131], [0.5964966, 8.1901245], [0.5925293, 8.1925049], [0.5906982, 8.1947021], [0.5897217, 8.1981201], [0.5897217, 8.2019043], [0.590271, 8.2070923], [0.5952759, 8.2103271], [0.5999146, 8.2125244], [0.6038818, 8.2139282], [0.6087036, 8.2141113], [0.6107178, 8.2163086], [0.6130981, 8.2142944], [0.6157227, 8.2156982], [0.6188965, 8.2155151], [0.619873, 8.2207031], [0.6254883, 8.2249146], [0.6251221, 8.2279053], [0.6265259, 8.2310791], [0.6251221, 8.234314], [0.6276855, 8.2382813], [0.6315308, 8.2416992], [0.6339111, 8.2443237], [0.6381226, 8.2462769], [0.6384888, 8.2512817], [0.6367188, 8.2548828], [0.638916, 8.2606812], [0.6420898, 8.2603149], [0.6477051, 8.2595215], [0.65448, 8.2598877], [0.6577148, 8.2597046], [0.6613159, 8.2609253], [0.666687, 8.2606812], [0.6735229, 8.2590942], [0.6776733, 8.262085], [0.6818848, 8.2662964], [0.6832886, 8.270874], [0.682312, 8.2756958], [0.6829224, 8.2797241], [0.6887207, 8.2819214], [0.7036743, 8.2808838], [0.7141113, 8.2807007], [0.7188721, 8.2807007], [0.7233276, 8.2814941], [0.7263184, 8.2821045], [0.7288818, 8.2866821], [0.7302856, 8.2901001], [0.730896, 8.2944946], [0.7305298, 8.2988892], [0.7302856, 8.3040771], [0.7296753, 8.309082], [0.7305298, 8.3132935], [0.7296753, 8.3167114], [0.7294922, 8.3201294], [0.729126, 8.3231201], [0.7293091, 8.3272705], [0.729126, 8.3303223], [0.7285156, 8.3342896], [0.7272949, 8.3378906], [0.7288818, 8.3408813], [0.7272949, 8.3435059], [0.72229, 8.3447266], [0.7178955, 8.3447266], [0.7192993, 8.3480835], [0.7169189, 8.350708], [0.7133179, 8.350708], [0.7103271, 8.352478], [0.7114868, 8.355896], [0.7105103, 8.359314], [0.7105103, 8.3640747], [0.710083, 8.368103], [0.7094727, 8.371521], [0.7106934, 8.3759155], [0.7098999, 8.3787231], [0.7091064, 8.3817139], [0.7084961, 8.3847046], [0.7041016, 8.3869019], [0.699707, 8.3890991], [0.7020874, 8.3912964], [0.704895, 8.3934937], [0.7005005, 8.3942871], [0.6964722, 8.3942871], [0.6932983, 8.3955078], [0.694519, 8.399292], [0.6953125, 8.4035034], [0.6920776, 8.4039307], [0.6889038, 8.4052734], [0.6870728, 8.4077148], [0.6854858, 8.4110718], [0.6812744, 8.4108887], [0.6749268, 8.4130859], [0.6716919, 8.4160767], [0.6672974, 8.4180908], [0.6629028, 8.4194946], [0.6555176, 8.4202881], [0.6522827, 8.4215088], [0.6528931, 8.4273071], [0.6516724, 8.4343262], [0.6528931, 8.4370728], [0.6522827, 8.4403076], [0.6536865, 8.4434814], [0.6525269, 8.4467163], [0.6525269, 8.4522705], [0.6552734, 8.4526978], [0.6549072, 8.4569092], [0.6520996, 8.4594727], [0.6508789, 8.4627075], [0.6489258, 8.4685059], [0.6480713, 8.4729004], [0.6453247, 8.4760742], [0.6456909, 8.4818726], [0.645874, 8.4866943], [0.6470947, 8.4904785], [0.6455078, 8.4932861], [0.6433105, 8.4957275], [0.6405029, 8.4974976], [0.6375122, 8.4970703], [0.6298828, 8.4973145], [0.6273193, 8.4998779], [0.6276855, 8.5045166], [0.6287231, 8.5083008], [0.6248779, 8.510498], [0.6217041, 8.5119019], [0.618103, 8.5131226], [0.6138916, 8.5125122], [0.609314, 8.5140991], [0.6049194, 8.5161133], [0.6019287, 8.5181274], [0.5977173, 8.5175171], [0.5942993, 8.5169067], [0.5913086, 8.5167236], [0.5889282, 8.5198975], [0.5872803, 8.5234985], [0.5853271, 8.526123], [0.583313, 8.5286865], [0.5789185, 8.5289307], [0.574707, 8.5283203], [0.5720825, 8.5266724], [0.5709229, 8.5299072], [0.5704956, 8.5335083], [0.5662842, 8.5379028], [0.5651245, 8.5413208], [0.5645142, 8.5449219], [0.5623169, 8.5473022], [0.559082, 8.5501099], [0.5546875, 8.5524902], [0.5510864, 8.5537109], [0.5479126, 8.5535278], [0.545105, 8.5551147], [0.5408936, 8.557312], [0.5372925, 8.5603027], [0.5343018, 8.5637207], [0.5344849, 8.5668945], [0.5299072, 8.5697021], [0.5266724, 8.567688], [0.5239258, 8.5662842], [0.5197144, 8.565918], [0.5148926, 8.5654907], [0.5119019, 8.5682983], [0.5098877, 8.5717163], [0.506897, 8.5739136], [0.501709, 8.5748901], [0.5015259, 8.5783081], [0.5006714, 8.5814819], [0.4979248, 8.5841064], [0.4968872, 8.5875244], [0.4959106, 8.5927124], [0.493103, 8.5961304], [0.4876709, 8.5977173], [0.4835205, 8.5979004], [0.4799194, 8.5952759], [0.4766846, 8.5952759], [0.4694824, 8.6002808], [0.4411011, 8.6483154], [0.416687, 8.6876831], [0.3823242, 8.7396851], [0.3842773, 8.7424927], [0.3845215, 8.7457275], [0.3815308, 8.7481079], [0.3782959, 8.7510986], [0.3756714, 8.7540894], [0.3809204, 8.753479], [0.3861084, 8.7540894], [0.390686, 8.7540894], [0.3944702, 8.7539063], [0.3983154, 8.7545166], [0.4008789, 8.7581177], [0.397522, 8.7600708], [0.3939209, 8.7619019], [0.3897095, 8.7617188], [0.3869019, 8.7636719], [0.3840942, 8.7659302], [0.3806763, 8.7692871], [0.3790894, 8.7733154], [0.3812866, 8.7764893], [0.3812866, 8.7808838], [0.380127, 8.7857056], [0.380127, 8.7915039], [0.3823242, 8.7952881], [0.3853149, 8.7913208], [0.3900757, 8.7918701], [0.3928833, 8.7954712], [0.3961182, 8.7941284], [0.3984985, 8.7905273], [0.4020996, 8.7927246], [0.406311, 8.7937012], [0.4099121, 8.7935181], [0.4138794, 8.7932739], [0.4182739, 8.7915039], [0.4215088, 8.7908936], [0.4240723, 8.7885132], [0.4237061, 8.7827148], [0.4259033, 8.7802734], [0.4295044, 8.7811279], [0.4321289, 8.7836914], [0.4348755, 8.7850952], [0.4387207, 8.784729], [0.440918, 8.7888794], [0.4395142, 8.7929077], [0.4367065, 8.7941284], [0.4312744, 8.7922974], [0.4307251, 8.7973022], [0.4331055, 8.7993164], [0.4365234, 8.7996826], [0.4401245, 8.800293], [0.4431152, 8.802124], [0.4451294, 8.8057251], [0.4468994, 8.8101196], [0.4511108, 8.8110962], [0.4558716, 8.8110962], [0.4589233, 8.8098755], [0.4591064, 8.8062744], [0.4592896, 8.8029175], [0.4627075, 8.8013306], [0.4647217, 8.7993164], [0.4658813, 8.7963257], [0.4683228, 8.7929077], [0.4708862, 8.7946777], [0.4721069, 8.7988892], [0.4765015, 8.7988892], [0.4799194, 8.7982788], [0.4838867, 8.7988892], [0.4871216, 8.7993164], [0.4910889, 8.8009033], [0.4929199, 8.8043213], [0.4954834, 8.8076782], [0.498291, 8.8117065], [0.5001221, 8.8146973], [0.498291, 8.8175049], [0.4959106, 8.8201294], [0.4962769, 8.8233032], [0.4976807, 8.8276978], [0.5009155, 8.8297119], [0.4984741, 8.8327026], [0.4970703, 8.8353271], [0.4962769, 8.8386841], [0.4981079, 8.8414917], [0.5004883, 8.8444824], [0.503479, 8.8471069], [0.5073242, 8.8483276], [0.5075073, 8.8521118], [0.5100708, 8.8555298], [0.5142822, 8.8544922], [0.5186768, 8.8530884], [0.5211182, 8.8563232], [0.5205078, 8.8607178], [0.5181274, 8.8630981], [0.5192871, 8.8674927], [0.5206909, 8.8723145], [0.524292, 8.8751221], [0.5269165, 8.876709], [0.5263062, 8.8809204], [0.5233154, 8.8845215], [0.5214844, 8.8892822], [0.5192871, 8.8934937], [0.5170898, 8.8969116], [0.5140991, 8.9013062], [0.5126953, 8.9052734], [0.5126953, 8.9088745], [0.5128784, 8.9119263], [0.5114746, 8.914917], [0.5097046, 8.9174805], [0.5100708, 8.9207153], [0.5123291, 8.9232788], [0.5134888, 8.927124], [0.5133057, 8.9307251], [0.5140991, 8.9353027], [0.5119019, 8.93927], [0.5095215, 8.942688], [0.5092773, 8.9459229], [0.5067139, 8.9500732], [0.503479, 8.9525146], [0.5004883, 8.9541016], [0.4943237, 8.9572754], [0.4780884, 8.9901123], [0.4699097, 9.0084839], [0.4702759, 9.0119019], [0.47052, 9.0172729], [0.4688721, 9.0211182], [0.4655151, 9.0230713], [0.4642944, 9.0264893], [0.4630737, 9.0305176], [0.4630737, 9.0335083], [0.4555054, 9.0357056], [0.4562988, 9.0551147], [0.4627075, 9.0552979], [0.4642944, 9.0720825], [0.4594727, 9.0725098], [0.4796753, 9.0993042], [0.4838867, 9.0999146], [0.4854736, 9.1035156], [0.4854736, 9.1065063], [0.4868774, 9.1102905], [0.4852905, 9.114502], [0.4838867, 9.1187134], [0.4852905, 9.1224976], [0.4838867, 9.1260986], [0.4827271, 9.1290894], [0.4821167, 9.1325073], [0.4810791, 9.1367188], [0.480896, 9.1409302], [0.4780884, 9.144104], [0.480896, 9.1469116], [0.4838867, 9.1491089], [0.4871216, 9.1508789], [0.4904785, 9.1530762], [0.4937134, 9.1549072], [0.4979248, 9.1552734], [0.5018921, 9.1542969], [0.5040894, 9.1571045], [0.5048828, 9.1600952], [0.508728, 9.1627197], [0.512085, 9.1651001], [0.5136719, 9.1680908], [0.5145264, 9.1713257], [0.5153198, 9.1749268], [0.5167236, 9.1787109], [0.5186768, 9.1809082], [0.5205078, 9.1843262], [0.5219116, 9.1882935], [0.5222778, 9.1915283], [0.5241089, 9.1951294], [0.5264893, 9.197876], [0.5328979, 9.2064819], [0.5391235, 9.213501], [0.5264893, 9.2214966], [0.5247192, 9.2241211], [0.5222778, 9.225708], [0.5205078, 9.2279053], [0.5181274, 9.2318726], [0.5162964, 9.2366943], [0.5081177, 9.2546997], [0.5084839, 9.2581177], [0.5159302, 9.2728882], [0.5343018, 9.2949219], [0.5407104, 9.3013306], [0.5374756, 9.3018799], [0.5405273, 9.3065186], [0.553894, 9.305481], [0.5598755, 9.3057251], [0.5603027, 9.3095093], [0.5637207, 9.3173218], [0.5631104, 9.3245239], [0.5598755, 9.3275146], [0.5579224, 9.3306885], [0.5562744, 9.3339233], [0.5560913, 9.3370972], [0.5540771, 9.3408813], [0.5531006, 9.3444824], [0.555481, 9.3479004], [0.5631104, 9.3544922], [0.5646973, 9.4071045], [0.5601196, 9.409729], [0.557312, 9.4116821], [0.5560913, 9.4146729], [0.5562744, 9.4180908], [0.5551147, 9.421875], [0.5516968, 9.4237061], [0.5482788, 9.4229126], [0.545105, 9.4240723], [0.5418701, 9.4249268], [0.5386963, 9.4260864], [0.5363159, 9.4285278], [0.5330811, 9.4293213], [0.5292969, 9.4307251], [0.5253296, 9.4312744], [0.5234985, 9.4345093], [0.5214844, 9.4384766], [0.5169067, 9.43927], [0.5126953, 9.4379272], [0.5083008, 9.4370728], [0.5045166, 9.4390869], [0.5006714, 9.43927], [0.4995117, 9.4431152], [0.4968872, 9.4453125], [0.4962769, 9.4495239], [0.4974976, 9.4539185], [0.4998779, 9.4564819], [0.503479, 9.458313], [0.5040894, 9.461731], [0.5053101, 9.4661255], [0.5029297, 9.4694824], [0.5020752, 9.4741211], [0.498291, 9.4782715], [0.4951172, 9.480896], [0.4918823, 9.4837036], [0.4896851, 9.4863281], [0.4859009, 9.486084], [0.480896, 9.4863281], [0.4760742, 9.4887085], [0.4719238, 9.4896851], [0.4675293, 9.4904785], [0.463501, 9.491272], [0.4608765, 9.4938965], [0.4577026, 9.4970703], [0.4526978, 9.4987183], [0.4470825, 9.5010986], [0.4440918, 9.5010986], [0.4396973, 9.5004883], [0.4353027, 9.4990845], [0.4307251, 9.4989014], [0.4265137, 9.4995117], [0.4237061, 9.5001221], [0.420105, 9.5003052], [0.4165039, 9.501709], [0.4129028, 9.4995117], [0.409729, 9.4970703], [0.4064941, 9.4943237], [0.4022827, 9.494873], [0.3986816, 9.4935303], [0.3944702, 9.4924927], [0.3898926, 9.4921265], [0.3856812, 9.4926758], [0.3815308, 9.4924927], [0.376709, 9.4937134], [0.371521, 9.4953003], [0.3668823, 9.4968872], [0.3630981, 9.4987183], [0.359314, 9.498291], [0.3566895, 9.4960938], [0.3543091, 9.4940796], [0.3508911, 9.4921265], [0.3477173, 9.4893188], [0.3444824, 9.4871216], [0.34552, 9.4838867], [0.3477173, 9.4796753], [0.3466797, 9.4744873], [0.3450928, 9.4702759], [0.3433228, 9.4656982], [0.3425293, 9.4625244], [0.3411255, 9.4592896], [0.3391113, 9.4556885], [0.3375244, 9.4528809], [0.3347168, 9.4517212], [0.3319092, 9.4498901], [0.3278809, 9.4483032], [0.3234863, 9.4481201], [0.3201294, 9.4462891], [0.3162842, 9.4459229], [0.3118896, 9.4453125], [0.3087158, 9.4434814], [0.3048706, 9.4398804], [0.3015137, 9.4384766], [0.2985229, 9.4367065], [0.295105, 9.43573], [0.2921143, 9.4348755], [0.2893066, 9.4332886], [0.2857056, 9.4309082], [0.2811279, 9.4296875], [0.2766724, 9.4287109], [0.2727051, 9.4285278], [0.2697144, 9.4298706], [0.2664795, 9.4298706], [0.260498, 9.4296875], [0.2592773, 9.4334717], [0.2553101, 9.4348755], [0.2518921, 9.4362793], [0.2481079, 9.4376831], [0.2474976, 9.4417114], [0.2446899, 9.446106], [0.2424927, 9.4490967], [0.2396851, 9.4512939], [0.2374878, 9.4533081], [0.2341309, 9.4569092], [0.2313232, 9.460083], [0.229126, 9.4633179], [0.2280884, 9.468689], [0.2279053, 9.4714966], [0.227478, 9.4746704], [0.2269287, 9.4777222], [0.2271118, 9.480896], [0.2277222, 9.4841309], [0.2305298, 9.4874878], [0.2351074, 9.4880981], [0.2388916, 9.486084], [0.2445068, 9.4832764], [0.2479248, 9.4810791], [0.2546997, 9.4782715], [0.2576904, 9.4780884], [0.2617188, 9.4782715], [0.2653198, 9.4788818], [0.2700806, 9.4796753], [0.2720947, 9.4818726], [0.2730713, 9.4849243], [0.2769165, 9.4885254], [0.2830811, 9.4885254], [0.2896729, 9.4902954], [0.291687, 9.493103], [0.2952881, 9.4943237], [0.2988892, 9.4970703], [0.3024902, 9.4989014], [0.3062744, 9.5006714], [0.3104858, 9.5048828], [0.3104858, 9.5083008], [0.3093262, 9.5119019], [0.3065186, 9.5148926], [0.300293, 9.5183105], [0.2958984, 9.5211182], [0.2905273, 9.5234985], [0.2877197, 9.5241089], [0.2838745, 9.5249023], [0.2799072, 9.5239258], [0.2755127, 9.5222778], [0.2719116, 9.5214844], [0.2683105, 9.5206909], [0.263916, 9.5200806], [0.2597046, 9.5194702], [0.2567139, 9.5189209], [0.2532959, 9.519104], [0.2504883, 9.5203247], [0.2470703, 9.5214844], [0.2429199, 9.5244751], [0.2396851, 9.5283203], [0.2368774, 9.534729], [0.2357178, 9.5394897], [0.2354736, 9.5429077], [0.2349243, 9.546875], [0.2349243, 9.5499268], [0.2365112, 9.5532837], [0.2373047, 9.5571289], [0.2382813, 9.56073], [0.2390747, 9.5634766], [0.239502, 9.5673218], [0.2387085, 9.571106], [0.2402954, 9.5745239], [0.2438965, 9.5762939], [0.2479248, 9.5759277], [0.2532959, 9.5745239], [0.2578735, 9.5723267], [0.2609253, 9.5698853], [0.2648926, 9.567688], [0.2697144, 9.5684814], [0.2734985, 9.571106], [0.276123, 9.5731201], [0.2838745, 9.5750732], [0.2886963, 9.5767212], [0.2929077, 9.5767212], [0.2958984, 9.5761108], [0.3010864, 9.5762939], [0.3057251, 9.5775146], [0.31073, 9.5775146], [0.315918, 9.5762939], [0.3201294, 9.5762939], [0.322876, 9.5776978], [0.3270874, 9.5792847], [0.3334961, 9.5792847], [0.3375244, 9.5789185], [0.3405151, 9.5778809], [0.3438721, 9.5748901], [0.3479004, 9.5733032], [0.3522949, 9.572876], [0.355896, 9.5733032], [0.361084, 9.574707], [0.3657227, 9.5762939], [0.3690796, 9.5778809], [0.3712769, 9.5803223], [0.3740845, 9.5820923], [0.3765259, 9.5836792], [0.3792725, 9.5861206], [0.3812866, 9.5889282], [0.3823242, 9.5922852], [0.3798828, 9.5977173], [0.3775024, 9.6008911], [0.3746948, 9.6044922], [0.3731079, 9.6072998], [0.3745117, 9.6130981], [0.3756714, 9.6171265], [0.376709, 9.6201172], [0.3779297, 9.6245117], [0.3789063, 9.6281128], [0.3798828, 9.631897], [0.3804932, 9.6361084], [0.3812866, 9.640686], [0.3815308, 9.6442871], [0.3782959, 9.6444702], [0.3762817, 9.6489258], [0.3754883, 9.6522827], [0.3712769, 9.6539307], [0.3679199, 9.6569214], [0.366272, 9.6608887], [0.3676758, 9.6646729], [0.366272, 9.6677246], [0.3630981, 9.6693115], [0.362915, 9.6724854], [0.3613281, 9.6746826], [0.3566895, 9.6759033], [0.3519287, 9.6766968], [0.3502808, 9.6807251], [0.3505249, 9.68573], [0.3510742, 9.6898804], [0.350708, 9.6951294], [0.3493042, 9.6987305], [0.3480835, 9.7019043], [0.3471069, 9.7089233], [0.3464966, 9.7128906], [0.3428955, 9.7178955], [0.3389282, 9.72052], [0.3361206, 9.7219238], [0.3328857, 9.72229], [0.329895, 9.7227173], [0.3259277, 9.7224731], [0.3218994, 9.7236938], [0.319519, 9.7265015], [0.319519, 9.7302856], [0.3212891, 9.7327271], [0.3240967, 9.7387085], [0.3255005, 9.7416992], [0.3262939, 9.744873], [0.3270874, 9.7476807], [0.329895, 9.7589111], [0.329895, 9.7648926], [0.3264771, 9.7698975], [0.3261108, 9.7744751], [0.3317261, 9.7750854], [0.3347168, 9.7772827], [0.3353271, 9.7811279], [0.3336792, 9.7857056], [0.3308716, 9.7930908], [0.3331299, 9.7996826], [0.3370972, 9.8031006], [0.340271, 9.807312], [0.3399048, 9.8101196], [0.3397217, 9.8137207], [0.340271, 9.8167114], [0.3435059, 9.821106], [0.348877, 9.8256836], [0.3516846, 9.8319092], [0.3529053, 9.8386841], [0.3560791, 9.8441162], [0.3580933, 9.8485107], [0.3566895, 9.8577271], [0.355896, 9.8613281], [0.3544922, 9.8709106], [0.3535156, 9.8770752], [0.3521118, 9.8796997], [0.3515015, 9.8831177], [0.3521118, 9.8861084], [0.3529053, 9.8897095], [0.3513184, 9.8967285], [0.3513184, 9.9008789], [0.3515015, 9.9042969], [0.3521118, 9.9091187], [0.3529053, 9.9136963], [0.3546753, 9.9204712], [0.3563232, 9.9246826], [0.3599243, 9.9296875], [0.364502, 9.9321289], [0.3688965, 9.9326782], [0.3726807, 9.9337158], [0.3770752, 9.9348755], [0.380127, 9.9359131], [0.3833008, 9.9370728], [0.3862915, 9.93927], [0.3856812, 9.9437256], [0.3861084, 9.9483032], [0.383728, 9.9522705], [0.3809204, 9.9542847], [0.3776855, 9.9562988], [0.3737183, 9.9594727], [0.371521, 9.9620972], [0.3688965, 9.9655151], [0.3671265, 9.9694824], [0.3657227, 9.9727173], [0.3643188, 9.9755249], [0.3624878, 9.9785156], [0.3609009, 9.9829102], [0.3594971, 9.986084], [0.3587036, 9.9890747], [0.3577271, 9.9924927], [0.3571167, 9.996521], [0.3587036, 10.0001221], [0.3615112, 10.005127], [0.362915, 10.008728], [0.3638916, 10.0125122], [0.3637085, 10.0167236], [0.3623047, 10.020874], [0.3602905, 10.0266724], [0.3607178, 10.0305176], [0.3643188, 10.0343018], [0.3687134, 10.0327148], [0.3717041, 10.0299072], [0.3745117, 10.02771], [0.3775024, 10.0269165], [0.3806763, 10.0269165], [0.383728, 10.0264893], [0.3876953, 10.0269165], [0.3917236, 10.0266724], [0.3944702, 10.0258789], [0.3970947, 10.024292], [0.3994751, 10.0217285], [0.4025269, 10.0205078], [0.406311, 10.0211182], [0.4110718, 10.0227051], [0.4119263, 10.0269165], [0.4124756, 10.0300903], [0.4138794, 10.0328979], [0.4138794, 10.0358887], [0.4129028, 10.0391235], [0.4127197, 10.0429077], [0.4135132, 10.0473022], [0.4146729, 10.0518799], [0.4163208, 10.0546875], [0.4172974, 10.0576782], [0.4158936, 10.0617065], [0.4129028, 10.0645142], [0.4105225, 10.0670776], [0.4085083, 10.0690918], [0.4061279, 10.0714722], [0.4025269, 10.0740967], [0.3986816, 10.0772705], [0.3944702, 10.0808716], [0.3895264, 10.0817261], [0.3859253, 10.0825195], [0.3828735, 10.0836792], [0.378479, 10.0847168], [0.373291, 10.0853271], [0.3688965, 10.0855103], [0.3654785, 10.0853271], [0.3621216, 10.0864868], [0.3588867, 10.0889282], [0.3555298, 10.0919189], [0.3535156, 10.0963135], [0.3522949, 10.1010742], [0.3522949, 10.1049194], [0.3521118, 10.1085205], [0.3530884, 10.1132813], [0.3555298, 10.1168823], [0.3565063, 10.1196899], [0.3574829, 10.123291], [0.3577271, 10.1276855], [0.3588867, 10.1303101], [0.3616943, 10.1339111], [0.362915, 10.1381226], [0.362915, 10.1417236], [0.3623047, 10.1448975], [0.361084, 10.1477051], [0.3588867, 10.1506958], [0.3568726, 10.1536865], [0.3552856, 10.156311], [0.3535156, 10.1591187], [0.3519287, 10.1629028], [0.350708, 10.1671143], [0.3515015, 10.1708984], [0.3529053, 10.1746826], [0.3529053, 10.1776733], [0.3530884, 10.1809082], [0.3530884, 10.184082], [0.3519287, 10.1873169], [0.3510742, 10.1911011], [0.3522949, 10.194519], [0.3544922, 10.1983032], [0.3557129, 10.2025146], [0.3555298, 10.2072754], [0.3551025, 10.2108765], [0.3555298, 10.2144775], [0.3579102, 10.2171021], [0.3607178, 10.22052], [0.3607178, 10.2265015], [0.3604736, 10.2299194], [0.3599243, 10.2330933], [0.3596802, 10.2365112], [0.3599243, 10.2402954], [0.3607178, 10.2443237], [0.3609009, 10.2484741], [0.3609009, 10.2529297], [0.361084, 10.2570801], [0.3616943, 10.2603149], [0.3626709, 10.2633057], [0.3649292, 10.2653198], [0.3682861, 10.2655029], [0.3731079, 10.2670898], [0.3765259, 10.2703247], [0.378479, 10.272522], [0.3812866, 10.2753296], [0.3789063, 10.2785034], [0.3746948, 10.2797241], [0.3723145, 10.2833252], [0.3696899, 10.284729], [0.3729248, 10.2866821], [0.3768921, 10.2877197], [0.3770752, 10.2910767], [0.3792725, 10.2943115], [0.3828735, 10.2966919], [0.3847046, 10.3007202], [0.3881226, 10.3037109], [0.3917236, 10.3029175], [0.3947144, 10.3035278], [0.397522, 10.3057251], [0.3977051, 10.3095093], [0.3963013, 10.3134766], [0.3920898, 10.3153076], [0.3878784, 10.315918], [0.3840942, 10.3151245], [0.3798828, 10.3139038], [0.3746948, 10.3132935], [0.3710938, 10.3123169], [0.3671265, 10.3109131], [0.3618774, 10.3110962], [0.3582764, 10.3115234], [0.3543091, 10.3132935], [0.3510742, 10.3112793], [0.3477173, 10.3079224], [0.3441162, 10.3082886], [0.3406982, 10.3081055], [0.3356934, 10.3095093], [0.3327026, 10.3112793], [0.3292847, 10.3093262], [0.3250732, 10.3071289], [0.3209229, 10.3087158], [0.3170776, 10.31073], [0.3197021, 10.3126831], [0.3225098, 10.3146973], [0.3233032, 10.3192749], [0.3267212, 10.3214722], [0.3308716, 10.3234863], [0.3369141, 10.324707], [0.3364868, 10.3289185], [0.3342896, 10.3325195], [0.3336792, 10.3356934], [0.3297119, 10.3377075], [0.3270874, 10.3399048], [0.3240967, 10.338501], [0.3223267, 10.335083], [0.3187256, 10.3348999], [0.3156738, 10.3383179], [0.3161011, 10.3416748], [0.3161011, 10.3449097], [0.3161011, 10.3491211], [0.3145142, 10.3532715], [0.3145142, 10.3568726], [0.3137207, 10.361084], [0.3123169, 10.364502], [0.309082, 10.3674927], [0.3067017, 10.3710938], [0.3026733, 10.3701172], [0.3007202, 10.3726807], [0.2973022, 10.3734741], [0.2944946, 10.3743286], [0.2910767, 10.3760986], [0.291687, 10.3798828], [0.2929077, 10.3833008], [0.2958984, 10.385498], [0.2982788, 10.3890991], [0.3001099, 10.3939209], [0.2996826, 10.3970947], [0.2996826, 10.4000854], [0.2988892, 10.4050903], [0.2982788, 10.4088745], [0.2944946, 10.4099121], [0.2902832, 10.4094849], [0.2883301, 10.411499], [0.2880859, 10.4144897], [0.2877197, 10.4180908], [0.2850952, 10.4213257], [0.2802734, 10.4202881], [0.2758789, 10.4194946], [0.272522, 10.420105], [0.270874, 10.4163208], [0.2678833, 10.4157104], [0.2678833, 10.411499], [0.2633057, 10.409729], [0.258728, 10.4091187], [0.2548828, 10.4093018], [0.2509155, 10.4094849], [0.2495117, 10.4127197], [0.2460938, 10.4135132], [0.2440796, 10.4152832], [0.2407227, 10.4152832], [0.2374878, 10.4155273], [0.2357178, 10.4130859], [0.2321167, 10.4160767], [0.2293091, 10.4193115], [0.2263184, 10.4215088], [0.2213135, 10.4240723], [0.2169189, 10.4259033], [0.2149048, 10.4230957], [0.2105103, 10.4207153], [0.2098999, 10.4179077], [0.2056885, 10.4174805], [0.2062988, 10.4143066], [0.2070923, 10.4107056], [0.2077026, 10.406311], [0.2026978, 10.4069214], [0.1989136, 10.4058838], [0.1939087, 10.4030762], [0.190918, 10.4069214], [0.1898804, 10.4121094], [0.18927, 10.4168701], [0.1859131, 10.4177246], [0.1838989, 10.4202881], [0.1821289, 10.4230957], [0.1795044, 10.4244995], [0.1760864, 10.4246826], [0.1730957, 10.427124], [0.1699219, 10.4298706], [0.1699219, 10.4345093], [0.1685181, 10.4382935], [0.1672974, 10.4415283], [0.1694946, 10.4439087], [0.171875, 10.447876], [0.1710815, 10.4517212], [0.1677246, 10.4519043], [0.1644897, 10.4542847], [0.1624756, 10.4569092], [0.161499, 10.460083], [0.1564941, 10.4630737], [0.1561279, 10.4672852], [0.1580811, 10.4713135], [0.1588745, 10.4744873], [0.1557007, 10.4780884], [0.1542969, 10.4821167], [0.1528931, 10.4854736], [0.151123, 10.4887085], [0.1516724, 10.4916992], [0.1505127, 10.4946899], [0.1503296, 10.4976807], [0.1478882, 10.501709], [0.1470947, 10.5062866], [0.145874, 10.5103149], [0.1470947, 10.5131226], [0.1450806, 10.5153198], [0.1450806, 10.5189209], [0.1444702, 10.5219116], [0.1431274, 10.5258789], [0.1279297, 10.5300903], [0.1176758, 10.5413208], [0.0806885, 10.553894], [0.0604858, 10.5620728], [0.06073, 10.5653076], [0.0601196, 10.5684814], [0.0598755, 10.5714722], [0.0587158, 10.5753174], [0.0574951, 10.5792847], [0.0552979, 10.5842896], [0.0523071, 10.5869141], [0.0499268, 10.5889282], [0.0474854, 10.5913086], [0.0449219, 10.5928955], [0.0429077, 10.5950928], [0.041687, 10.5979004], [0.0415039, 10.6010742], [0.0343018, 10.6035156], [0.0300903, 10.6046753], [0.0090942, 10.6107178], [0.0004883, 10.6132812], [-0.0031128, 10.6146851], [-0.0064087, 10.6154785], [-0.010376, 10.616272], [-0.0134277, 10.618103], [-0.0153809, 10.6220703], [-0.0219116, 10.6246948], [-0.0266113, 10.6256714], [-0.0410156, 10.628479], [-0.0543213, 10.6312866], [-0.0598145, 10.6333008], [-0.0612793, 10.6375122], [-0.0623779, 10.640686], [-0.0637207, 10.6450806], [-0.0656128, 10.6489258], [-0.0673218, 10.6525269], [-0.0687256, 10.6572876], [-0.0700073, 10.6613159], [-0.0701294, 10.6663208], [-0.0703125, 10.6696777], [-0.0717163, 10.6729126], [-0.0725098, 10.6760864], [-0.0739136, 10.6793213], [-0.0762939, 10.6853027], [-0.0783081, 10.6906738], [-0.083313, 10.6983032], [-0.088501, 10.7062988], [-0.0908813, 10.7103271], [-0.0889893, 10.7147217], [-0.0859985, 10.7164917], [-0.081604, 10.7175293], [-0.0770264, 10.7180786], [-0.0731201, 10.7207031], [-0.0734863, 10.7258911], [-0.0748291, 10.7294922], [-0.0740967, 10.7330933], [-0.0725098, 10.7374878], [-0.0717163, 10.7410889], [-0.0723877, 10.7443237], [-0.0736084, 10.7490845], [-0.0740967, 10.7532959], [-0.0739136, 10.7589111], [-0.071106, 10.7631226], [-0.0717773, 10.7672729], [-0.0720825, 10.7703247], [-0.0681763, 10.7727051], [-0.0645142, 10.7733154], [-0.0628052, 10.7764893], [-0.06073, 10.7799072], [-0.0584106, 10.7841187], [-0.0557861, 10.7871094], [-0.052002, 10.7896729], [-0.0479126, 10.7918701], [-0.0449219, 10.7938843], [-0.0441895, 10.7982788], [-0.0410767, 10.8018799], [-0.0386963, 10.8046875], [-0.0358276, 10.8060913], [-0.0321045, 10.8071289], [-0.0302124, 10.8109131], [-0.0286865, 10.8153076], [-0.0250854, 10.817688], [-0.022522, 10.819519], [-0.0230103, 10.8226929], [-0.0236206, 10.8256836], [-0.0231934, 10.8305054], [-0.0236816, 10.8342896], [-0.0258179, 10.8377075], [-0.0285034, 10.8430786], [-0.0288086, 10.8477173], [-0.0292969, 10.8510742], [-0.0299072, 10.8544922], [-0.0291748, 10.8580933], [-0.0283813, 10.8609009], [-0.0269165, 10.8637085], [-0.0253296, 10.8666992], [-0.0253906, 10.8701172], [-0.0255127, 10.8745117], [-0.026001, 10.8776855], [-0.0250854, 10.8809204], [-0.0230103, 10.883728], [-0.0197754, 10.8873291], [-0.0175171, 10.8919067], [-0.015686, 10.895874], [-0.0155029, 10.899292], [-0.0137939, 10.9020996], [-0.0131836, 10.9071045], [-0.0106201, 10.9116821], [-0.0079956, 10.916687], [-0.0078125, 10.9204712], [-0.0108032, 10.9235229], [-0.0101929, 10.9281006], [-0.0114136, 10.9338989], [-0.012207, 10.9375], [-0.0114746, 10.9403076], [-0.0114136, 10.9437256], [-0.008606, 10.9453125], [-0.0072021, 10.9487305], [-0.0070801, 10.9519043], [-0.0056763, 10.9553223], [-0.0057983, 10.9611206], [-0.0040894, 10.9647217], [-0.0009766, 10.965271], [0.0048828, 10.9664917], [0.010498, 10.9685059], [0.0249023, 10.9724731], [0.0283203, 10.9793091], [0.0305176, 10.9818726], [0.0324707, 10.9863281], [0.0327148, 10.9893188], [0.0338745, 10.9926758], [0.0330811, 10.9954834], [0.0286865, 11.003479], [0.0270996, 11.0222778], [0.026123, 11.0355225], [0.0250854, 11.0494995], [0.024292, 11.0581055], [0.024292, 11.0623169], [0.0220947, 11.0653076], [0.019104, 11.067688], [0.0159302, 11.0706787], [0.0128784, 11.0734863], [0.0090942, 11.0769043], [0.0067139, 11.079895], [0.0046997, 11.0825195], [0.0029297, 11.0855103], [0.0020752, 11.0897217], [0.001709, 11.0952759], [-0.0014038, 11.098877], [-0.0048828, 11.1008911], [-0.0043945, 11.1038818], [-0.005127, 11.1074829], [-0.0089111, 11.1094971], [-0.0134277, 11.1107178], [-0.0169067, 11.1137085], [-0.0206299, 11.112915], [-0.0249023, 11.1115112], [-0.0288086, 11.1107178], [-0.0319824, 11.1094971], [-0.0354004, 11.1072998], [-0.0396118, 11.1049194], [-0.0426025, 11.1022949], [-0.0457764, 11.0994873], [-0.0480957, 11.0961304], [-0.0504761, 11.0927124], [-0.0529785, 11.0900879], [-0.0545044, 11.0869141], [-0.0574951, 11.0858765], [-0.0606079, 11.0863037], [-0.0645142, 11.0864868], [-0.067627, 11.0848999], [-0.0708008, 11.0858765], [-0.0750122, 11.0853271], [-0.0800781, 11.0844727], [-0.0847168, 11.0861206], [-0.0880127, 11.0869141], [-0.0908813, 11.0861206], [-0.0946045, 11.0861206], [-0.0975952, 11.0870972], [-0.1000977, 11.0889282], [-0.102478, 11.0925293], [-0.1055908, 11.0950928], [-0.1099243, 11.0961304], [-0.112915, 11.0974731], [-0.1159058, 11.0991211], [-0.1196899, 11.1000977], [-0.1217041, 11.1022949], [-0.1248169, 11.1049194], [-0.1293945, 11.1057129], [-0.133606, 11.105896], [-0.1386108, 11.1063232], [-0.1425171, 11.1063232], [-0.1425781, 11.1107178], [-0.1434937, 11.1151123], [-0.1434937, 11.1188965], [-0.1422119, 11.1224976], [-0.1400757, 11.1245117], [-0.1367798, 11.126709], [-0.1342163, 11.1304932], [-0.1345215, 11.1353149], [-0.1361084, 11.1390991], [-0.1489868, 11.1419067], [-0.1530762, 11.1428833], [-0.1616211, 11.1470947], [-0.1663208, 11.1483154], [-0.1741943, 11.1503296], [-0.1773071, 11.1513062], [-0.1809082, 11.1520996], [-0.1851807, 11.1530762], [-0.1978149, 11.1566772], [-0.2125854, 11.1600952], [-0.218689, 11.159729], [-0.2258911, 11.1633301]]]}, "properties": {"iso2": "GH", "iso3": "GHA", "adm0_name": "Ghana", "adm0_pcode": "GH", "valid_on": "20210308", "version": "v01", "area_sqkm": 239473.23513909, "lang": "en", "adm0_ref_n": "Ghana", "center_lat": 7.95819092, "center_lon": -1.09318931}}]}